"Id";"Descricao";"Tema_id";"Ativo"
"1";"Abordagem social";"3";"1"
"2";"Retirada de morador de rua";"3";"0"
"3";"Assistência a pessoa em situação de rua";"3";"1"
"4";"Vagas no albergue";"3";"0"
"5";"Abrigo para necessitados";"3";"0"
"6";"Centro de Referência em Assistência Social – CRAS";"3";"0"
"7";"Vagas para atendimento em unidade do CRAS";"3";"0"
"8";"Agendamento em Serviços Públicos";"13";"1"
"9";"Centro de Referência Especializado de Assistência Social – CREAS";"3";"1"
"10";"Vagas para atendimento em unidade do CREAS";"3";"0"
"11";"Centro de Referência Especializado para Pessoas em Situação de Rua - Centro POP";"3";"1"
"12";"Centro de Orientação Sócio-educativo  – COSE";"3";"0"
"13";"Centro de Referência da Diversidade Sexual, Religiosa e Racial";"3";"1"
"14";"Unidades de Acolhimento Institucional";"3";"1"
"15";"Unisuas Central de Vagas e Atendimento Emergencial";"3";"0"
"16";"Programas Sociais";"3";"1"
"17";"Alteração de dados no Cadastro Único para Programas Sociais";"3";"0"
"18";"Pagamento de benefício dos Programas Sociais";"3";"0"
"19";"Recebimento irregular de programas sociais";"3";"1"
"20";"Programa Auxílio Brasil (Bolsa Família)";"3";"1"
"21";"Revisão de valor do benefício de programas sociais";"3";"0"
"22";"Cancelamento,suspensão de benefício de programas sociais";"3";"0"
"23";"Acesso a programas sociais";"3";"0"
"24";"Pagamento irregular de beneficiário de programas socias";"3";"0"
"25";"Recadastramento para programas sociais";"3";"0"
"26";"Funcionamento de programa";"3";"0"
"27";"Auxílio Vulnerabilidade";"3";"1"
"28";"Cadastro Único para Programas Sociais";"3";"1"
"29";"Cesta Emergencial";"3";"1"
"30";"Pagamento de Benefício Social suspenso após recadastramento";"3";"0"
"31";"Averiguação e revisão do Cadastro Único para programas sociais";"3";"0"
"32";"Irregularidades em programas sociais";"3";"1"
"33";"Recebimento do benefício social auxílio natalidade";"3";"0"
"34";"Recebimento do benefício social auxílio funeral";"3";"0"
"35";"Quantidade de servidores no órgão,entidade pública";"13";"1"
"36";"Restaurante do Anexo do Palácio do Buriti";"13";"1"
"37";"Remuneração de Servidor Público do DF";"13";"0"
"38";"Atendimento preferencial em órgão público";"13";"1"
"39";"Entidades sociais conveniadas";"3";"1"
"40";"Assedio sexual no serviço público";"13";"1"
"41";"Idoso";"8";"1"
"42";"Idoso em situação de risco";"3";"0"
"43";"Violência contra o idoso";"3";"0"
"44";"Falta de assistência social ao idoso";"8";"0"
"45";"Assistência ao idoso carente";"3";"0"
"46";"Fiscalização nas entidades de atendimento ao idoso";"3";"0"
"47";"Desrespeito a prioridade de idoso na tramitação processual";"3";"0"
"48";"Falta de atendimento preferencial ao idoso";"3";"0"
"49";"Carteira interestadual do idoso";"3";"0"
"50";"Trabalho";"11";"1"
"51";"Agência do Trabalhador";"11";"1"
"52";"Carteira de Trabalho";"11";"1"
"53";"Dificuldade para fazer a carteira de trabalho";"3";"0"
"54";"Demora na liberação da carteira de trabalho";"3";"0"
"55";"Agência virtual do trabalhador";"11";"1"
"56";"Sistema do MTE fora do ar";"3";"0"
"57";"Tempo de espera para atendimento em órgão,entidade pública";"13";"1"
"58";"FUNGER -  Fundo para a Geração de Emprego e Renda do DF";"11";"1"
"59";"Renegociação de dívida do FUNGER";"3";"0"
"60";"Seguro desemprego";"11";"1"
"61";"Microcrédito";"11";"1"
"62";"Demora na liberação do recurso do FUNGER";"3";"0"
"63";"Solicitação de emprego";"11";"1"
"64";"Trabalhador autônomo";"11";"1"
"65";"Empreendedorismo";"11";"1"
"66";"agência do trabalhador";"3";"0"
"67";"Discriminação";"3";"1"
"68";"Discriminação étnico-racial";"3";"1"
"69";"Discriminação religiosa";"3";"1"
"70";"Discriminação por orientação sexual";"3";"1"
"71";"Discriminação da pessoa idosa";"3";"0"
"72";"Discriminação contra a mulher";"3";"1"
"73";"Assistência a Pessoa com Deficiência - PCD";"3";"1"
"74";"assistência a deficientes físicos";"3";"0"
"75";"assistência a deficiente mental";"3";"0"
"76";"Carteira para pessoa com deficiência (PCD)";"3";"1"
"77";"Cartão PCD";"12";"1"
"78";"Cartão Idoso do Sistema de Bilhetagem automática - SBA";"12";"0"
"79";"Centro de Intérpretes de línguas";"3";"1"
"80";"Restaurante Comunitário";"3";"1"
"81";"Falta de atualização do cardápio";"3";"0"
"82";"Quantidade de comida insuficiente";"3";"0"
"83";"Limpeza dos restaurantes comunitários";"3";"0"
"84";"Tempo de espera na fila do restaurante comunitário";"3";"0"
"85";"Direitos Humanos";"3";"1"
"86";"Políticas de combate ao racismo";"3";"1"
"87";"Mulher";"3";"0"
"88";"Violência contra a mulher";"3";"1"
"89";"Violência contra a mulher no transporte público";"3";"1"
"90";"Casa abrigo - acolhimento institucional para mulheres vítimas de violência";"8";"1"
"91";"Núcleo de atendimento a família e aos autores de violência doméstica – Nafavd";"3";"1"
"92";"Centro especializado de atendimento à mulher – Ceam";"3";"1"
"93";"Unidades móveis de atendimento as mulheres do campo e do cerrado";"3";"1"
"94";"Cobrança de valores na conta de água CAESB";"7";"1"
"95";"Captação de água de córrego ou rio";"7";"1"
"96";"Captação de água de nascente";"7";"1"
"97";"Captação por caminhões pipa de água de córregos,rios";"7";"1"
"98";"Captação por meio de canais em corpos hídricos do DF";"7";"1"
"99";"Lançamento de efluentes em corpos hídricos do DF";"7";"1"
"100";"Perfuração de poço artesiano e,ou cisterna";"7";"1"
"101";"Lançamento de águas pluviais em corpo hídrico do DF";"7";"1"
"102";"Implantação de  barragens em corpos hídricos do DF";"7";"1"
"103";"Desassoreamento em corpos hídricos do DF (Autorização)";"7";"1"
"104";"Fechamento de poço artesiano ou cisterna sem os procedimentos regulamentados";"7";"1"
"105";"Serviços públicos de água e saneamento, prestados pela Caesb em desacordo com as normas reguladas pela Adasa";"7";"1"
"106";"Serviços públicos de água e saneamento, prestados pela Novacap em desacordo com as normas reguladas pela Adasa";"7";"1"
"107";"Serviços públicos de água e saneamento, prestados pelo SLU em desacordo com as normas reguladas pela Adasa";"7";"1"
"108";"Retirada de Entulho";"7";"0"
"109";"Alistamento ao Serviço Militar";"8";"1"
"110";"Planta de imóvel, localizado na jurisdição da Região Administrativa";"7";"1"
"111";"Retirada de faixas de publicidade irregular em área pública";"7";"1"
"112";"Licença eventual para eventos em espaço público ou privado";"7";"1"
"113";"Biblioteca pública";"7";"1"
"114";"Licença de Funcionamento , Alvará";"7";"1"
"115";"Alvará de funcionamento";"7";"0"
"116";"Carta de Habite-se";"7";"1"
"117";"Licença de Demolição";"7";"1"
"118";"Licença de Publicidade";"7";"1"
"119";"Licença de Reforma";"7";"1"
"120";"Licença de Tapume";"7";"1"
"121";"Licença de Obras";"7";"1"
"122";"Solicitação de Mapas";"7";"1"
"123";"Consulta de dimensões oficiais de lotes particulares";"7";"1"
"124";"Curso profissionalizante";"13";"1"
"125";"Laudo de topografia";"7";"1"
"126";"Evento esportivo cultural e de lazer";"2";"1"
"127";"Licença para quiosques e bancas de jornais";"7";"1"
"128";"Licença para bancas de feira";"7";"1"
"129";"Licença de funcionamento de comércio local estabelecido";"7";"1"
"130";"Licença eventual (uso do espaço público por período limitado)";"7";"1"
"131";"Pista de skate";"14";"1"
"132";"Atestado de conclusão (concedida às obras objetos de licença, como obras em geral e edificações provisórias)";"7";"1"
"133";"Consulta prévia";"7";"0"
"134";"Fiscalização em Obra em Área Regular";"7";"1"
"135";"Fiscalização em Obra em Área em Regularização";"7";"1"
"136";"Fiscalização em Obra em área ilegal";"7";"1"
"137";"Fiscalização em Obra em área pública residencial";"7";"1"
"138";"Fiscalização em Obra em área pública comercial";"7";"1"
"139";"Fiscalização em Parcelamento irregular do solo";"7";"1"
"140";"Fiscalização em Acessibilidade";"7";"1"
"141";"Fiscalização em Obra em situação de risco";"7";"1"
"142";"Fiscalização em Manutenção e conservação do imóvel";"7";"1"
"143";"Fiscalização em Canteiro de obras";"7";"1"
"144";"Fiscalização em Cercamento em área pública residencial";"7";"1"
"145";"Fiscalização em Cercamento em área pública comercial";"7";"1"
"146";"Fiscalização em Antena de telefonia celular - ERB";"7";"1"
"147";"Fiscalização em Central de gás";"8";"1"
"148";"Fiscalização em Agência de veículos";"7";"1"
"149";"Fiscalização em bares, lanchonete e restaurante";"13";"1"
"150";"Fiscalização em Instituições de ensino";"7";"1"
"151";"Fiscalização em Lava-jato";"7";"1"
"152";"Fiscalização em Loja de material de construção";"7";"1"
"153";"Fiscalização em Oficina mecânica";"7";"1"
"154";"Fiscalização em Posto de combustível,loja de conveniência";"7";"1"
"155";"Fiscalização em Pousada,hotel";"7";"1"
"156";"Fiscalização em Serralheria,marcenaria, marmoraria";"7";"1"
"157";"Fiscalização em Templo religioso";"7";"1"
"158";"Fiscalização em Comércio estabelecido com mercadorias,equipamentos em área pública";"7";"1"
"159";"Fiscalização em Banca de revistas";"7";"1"
"160";"Fiscalização em Mobiliário Urbano";"7";"1"
"161";"Fiscalização em Feiras";"7";"1"
"162";"Fiscalização em Quiosque,trailer,food truck,similares";"7";"1"
"163";"Fiscalização em Propaganda em área privada";"7";"1"
"164";"Fiscalização em Propaganda em área pública";"7";"1"
"165";"Fiscalização de Ambulantes";"7";"1"
"166";"Fiscalização em Casas Noturnas";"7";"1"
"167";"Fiscalização em Eventos,festas particulares";"2";"1"
"168";"Fiscalização em Águas servidas";"9";"1"
"169";"Fiscalização em Contêiner, recipiente para lixo (conservação)";"9";"1"
"170";"Fiscalização em Entulho,resíduo em área pública";"7";"1"
"171";"Fiscalização em Lixo fora do horário de coleta";"9";"1"
"172";"Fiscalização em Lote vazio sujo";"7";"1"
"173";"Fiscalização em Resíduos de saúde";"10";"1"
"174";"Fiscalização em Resíduos perigosos";"10";"1"
"175";"Fiscalização em Colagem de cartazes (bens públicos)";"7";"1"
"176";"Fiscalização em Faixas,panfletos";"7";"1"
"177";"Atraso no repasse de verba";"13";"0"
"178";"Acesso a documentos em órgãos,entidades públicas";"13";"0"
"179";"Instalações inadequadas do órgão,entidade pública";"13";"1"
"180";"Destrato praticado por servidor";"13";"0"
"181";"Sistema bancário fora do ar";"6";"1"
"182";"Atendimento presencial prestado pelo banco";"6";"1"
"183";"Teleatendimento prestado pelo banco";"6";"1"
"184";"Descontos errados no banco";"6";"1"
"185";"Caixa eletrônico";"6";"1"
"186";"Brb banknet";"6";"1"
"187";"Site do BRB";"6";"1"
"188";"Empréstimos";"6";"1"
"189";"Serviços BRB";"6";"1"
"190";"Vazamento de esgoto";"14";"1"
"191";"Vazamento de água";"9";"1"
"192";"Falta de água";"9";"1"
"193";"Pressão de água";"9";"1"
"194";"Conta de água";"9";"1"
"195";"Atendimento 115";"9";"1"
"196";"Instalação de fossa";"9";"1"
"197";"Religação de água";"9";"1"
"198";"Recuperação de calçada";"9";"0"
"199";"Ligação de água";"9";"1"
"200";"Inspeção rede de água";"9";"1"
"201";"Inspeção rede de esgotos";"9";"1"
"202";"Funcionamento do hidrômetro";"9";"1"
"203";"Ligação clandestina de água";"9";"1"
"204";"Implantação de rede de esgoto";"14";"1"
"205";"Desmembramento da ligação de água";"9";"1"
"206";"Ligação clandestina de esgotos";"9";"1"
"207";"Qualidade da água";"9";"1"
"208";"Conduta no atendimento prestado";"13";"0"
"209";"Corte de água";"9";"1"
"210";"Cobrança de serviços";"9";"0"
"211";"Ligação de esgotos";"9";"1"
"212";"Débito automático da conta de água";"9";"1"
"213";"Entrega da conta de água";"9";"1"
"214";"Andamento de obras da CAESB";"9";"1"
"215";"Impossibilidade de leitura de hidrômetro por impedimentos";"9";"1"
"216";"Saneamento básico";"9";"1"
"217";"Despejo irregular de resíduos químicos na água, esgoto";"9";"1"
"218";"Agendamento em serviços da CAESB";"9";"1"
"219";"Tratamento de efluentes e resíduos";"9";"1"
"220";"Atendimento prioritário/preferencial em órgão público";"13";"1"
"221";"Atendimento nas agências da CAESB";"9";"1"
"222";"Discordância referente ao valor da tarifa de água";"9";"1"
"223";"Funcionamento das agências da CAESB";"9";"1"
"224";"Andamento de processo de multas na CAESB";"9";"1"
"225";"Prazo de atendimento dos serviços prestados pela CAESB";"9";"1"
"226";"Ação da diretoria";"9";"0"
"227";"Estação de tratamento de água";"9";"1"
"228";"Estação de tratamento de esgotos";"9";"1"
"229";"Abastecimento de água da CAESB";"9";"1"
"230";"Análise dos requerimentos e recursos da CAESB";"9";"1"
"231";"Inovação tecnológica em órgão,entidade pública";"13";"1"
"232";"Serviço de esgotamento sanitário";"9";"1"
"233";"Ação do Governo de Brasília";"13";"1"
"234";"Ação política no DF";"13";"1"
"235";"Planejamentos e Planos de Governo";"13";"0"
"236";"Eventos do Governo de Brasília";"13";"1"
"237";"Portal do Governo de Brasília";"13";"0"
"238";"Governador de Brasília";"13";"1"
"239";"Programas e projetos de governo";"13";"1"
"240";"Gastos públicos";"13";"0"
"241";"Leis e decretos do Governo de Brasília";"13";"1"
"242";"Secretários de Estado de Brasília";"13";"1"
"243";"Vice-Governador de Brasília";"13";"1"
"244";"Segurança do Governador e família";"8";"1"
"245";"Segurança das autoridades do Governo de Brasília";"8";"1"
"246";"Assuntos militares no Governo de Brasília";"8";"1"
"247";"Segurança da informação e comunicação do Governo de Brasília";"8";"1"
"248";"Serviço de inteligência do Governo de Brasília";"8";"1"
"249";"Segurança orgânica das sedes do Governo de Brasília";"8";"1"
"250";"Ordem pública no Distrito Federal";"8";"1"
"251";"Comitê de combate ao uso irregular do solo";"8";"1"
"252";"Vistoria em edificações privadas";"8";"1"
"253";"Fiscalização de comércio irregular";"8";"0"
"254";"Corpo de Bombeiros";"8";"1"
"255";"Fiscalização de bares, lanchonetes e restaurantes";"8";"0"
"256";"Fiscalização em estabelecimento comercial";"8";"1"
"257";"Crime praticado por bombeiro";"8";"1"
"258";"Construção irregular de obras privadas";"8";"1"
"259";"Vistoria em edificações públicas";"8";"1"
"260";"Recolhimento de galhos e troncos de árvores";"8";"0"
"261";"Falta de fiscalização em comércio";"8";"0"
"262";"Irregularidades na infraestrutura";"8";"1"
"263";"Problemas com animais sinantrópicos";"8";"0"
"264";"Instalações inadequadas ao funcionamento do órgão";"8";"0"
"265";"Obra,edificação sem alvará de construção";"8";"0"
"266";"Animais em ambientes inadequados";"8";"0"
"267";"Resgate de vítimas";"8";"1"
"268";"Armazenamento,distribuição inadequada";"8";"0"
"269";"Atendimento telefônico 193";"8";"1"
"270";"Problema não-especificado com animais";"8";"1"
"271";"Realização de festas e eventos";"8";"0"
"272";"Recolhimento de animais de pequeno porte";"14";"1"
"273";"Fiscalização de postos de combustíveis";"8";"0"
"274";"Alvará irregular em estabelecimento comercial";"8";"0"
"275";"Autorização para corte total da árvore";"7";"1"
"276";"Atendimento de solicitação de ambulância do bombeiro";"8";"1"
"277";"Omissão de socorro por Bombeiro";"8";"1"
"278";"Fiscalização de festas e eventos particulares";"8";"0"
"279";"Fiscalização de festas,eventos públicos";"8";"1"
"280";"Demora na religação de energia CEB";"9";"0"
"281";"Cobrança indevida na fatura de energia CEB";"9";"0"
"282";"Oscilação na tensão de energia elétrica CEB";"9";"0"
"283";"Descumprimento dos prazos de pedido de fornecimento de energia CEB";"9";"0"
"284";"Recebimento da fatura de energia elétrica ";"9";"0"
"285";"Alterações não solicitadas pelo consumidor - CEB";"9";"0"
"286";"Falha no suprimento de energia elétrica no órgão CEB";"9";"0"
"287";"Descumprimento dos prazos de religação de energia CEB";"9";"0"
"288";"Suspenção indevida de energia elétrica CEB";"9";"0"
"289";"Funcionamento das agências da CEB";"9";"0"
"290";"Atendimento na central de teleatendimento da CEB";"9";"0"
"291";"Fatura de energia elétrica não recebida";"9";"0"
"292";"Dificuldades impostas na alteração cadastral - CEB";"9";"0"
"293";"Leitura registrada diferente do medidor de energia CEB";"9";"0"
"294";"Serviços da CEB realizados fora do prazo";"9";"0"
"295";"Defeito de impressão da fatura de energia CEB";"9";"0"
"296";"Atendimento das agências";"9";"0"
"297";"Estrutura inadequada no atendimento presencial";"9";"0"
"298";"Tratamento inadequado do atendente do teleatendimento";"9";"0"
"299";"Orientação sobre ressarcimento de pagamentos da CEB";"9";"0"
"300";"Tratamento inadequado por parte do técnico da CEB";"9";"0"
"301";"Tratamento por parte do leiturista da CEB";"9";"0"
"302";"Utilização indevida de energia pública CEB";"9";"0"
"303";"Serviço prestado por órgão,entidade pública";"13";"0"
"304";"Não recebimento da 2ª via de conta de luz";"9";"0"
"305";"Fiação,Tubulacão elétrica exposta";"9";"0"
"306";"Alterações cadastrais não efetivadas - CEB";"9";"0"
"307";"Não atendimento a solicitação de serviço de energia CEB";"9";"0"
"308";"Suspensão indevida no fornecimento de energia CEB";"9";"0"
"309";"Leitura diverge da leitura do medidor de energia CEB";"9";"0"
"310";"Entrega de fatura da CEB fora do prazo";"9";"0"
"311";"Serviço emergencial da CEB concluído e não atendido";"9";"0"
"312";"Espera acima de 1 minuto no teleatendimento";"9";"0"
"313";"Pedido de interrupção do fornecimento de energia CEB";"9";"0"
"314";"Horários de funcionamento das agências da CEB";"9";"0"
"315";"Implantação de serviços ";"9";"0"
"316";"Variação brusca de consumo de energia CEB";"9";"0"
"317";"Descumprimento dos prazos de ressarcimento por danos elétricos";"9";"0"
"318";"Impossibilidade de leitura do medidor da CEB por impedimentoS";"9";"0"
"319";"Tensão da energia divergente ao contratado CEB";"9";"0"
"320";"Erro no pagamento";"9";"0"
"321";"Melhorias na distribuição de senhas";"9";"0"
"322";"Discordância referente ao valor da tarifa de energia CEB";"9";"0"
"323";"Poda de árvore em área pública";"14";"1"
"324";"Falta de Iluminação Pública";"14";"1"
"325";"Iluminação Pública (Funcionamento)";"14";"1"
"326";"Interrupção do fornecimento de energia CEB";"9";"0"
"327";"Constante falta de energia CEB";"9";"0"
"328";"Iluminação Pública (Instalação de poste)";"9";"1"
"329";"Ligação clandestina de energia elétrica - CEB";"9";"0"
"330";"Demora na revisão instalação de ponto de energia CEB";"9";"0"
"331";"Cobrança indevida pela CEB";"9";"0"
"332";"Danos elétricos";"9";"0"
"333";"Consumo elevado de energia CEB";"9";"0"
"334";"Iluminação pública (Remanejamento de poste)";"14";"1"
"335";"Serviço emergencial de energia não atendido CEB";"9";"0"
"336";"Danos elétricos causados por oscilação de energia CEB";"9";"0"
"337";"Descumprimento prazo remanejamento rede elétrica";"9";"1"
"338";"Serviço mal executado em campo pela CEB";"9";"0"
"339";"Manutenção de bueiro / Boca de Lobo";"14";"1"
"340";"Fiscalização/Retirada de obstáculos da calçada";"12";"1"
"341";"Erro no cadastro inicial - CEB";"9";"0"
"342";"Serviço fora do prazo - CEB";"9";"0"
"343";"Alterações cadastrais incorretas - CEB";"9";"0"
"344";"Valor cobrado em serviço,taxa de órgão,entidade pública";"13";"1"
"345";"Serviço mal executado em campo";"9";"0"
"346";"Atendimento Central 156";"13";"1"
"347";"Acesso à gravação do atendimento no Call Center";"13";"0"
"348";"Atendimento na Central 160";"13";"0"
"349";"Atendimento Central 162";"13";"1"
"350";"Inscrição no Telematrícula";"4";"0"
"351";"Horário de funcionamento do Call Center";"13";"0"
"352";"Pesquisa de satisfação no Call Center";"13";"0"
"353";"Demora na liberação de escritura de imóveis";"7";"0"
"354";"Critérios,normas do programa habitacional";"7";"1"
"355";"Análise de documentação habitacional";"7";"1"
"356";"Agendamento para programa habitacional";"7";"0"
"357";"Classificação no programa habitacional";"7";"1"
"358";"Solicitação de escrituras habitacional (CODHAB)";"7";"1"
"359";"Regularização de lotes em becos";"7";"1"
"360";"Demora na entrega de escrituras habitacional (CODHAB)";"7";"1"
"361";"Apoio na regularização habitacional";"7";"1"
"362";"Entrega de emprrendimento em programa habitacional";"7";"1"
"363";"Demora na regularização de escritura habitacional";"7";"0"
"364";"Venda,aluguel indevida de unidades habitacionais";"7";"1"
"365";"Regularização de lotes";"7";"1"
"366";"Liberação de escritura de imóvel (CODHAB)";"7";"1"
"367";"Programas habitacionais";"7";"1"
"368";"Regularização de imóvel ";"7";"1"
"369";"Cooperativas,entidades de habitação";"7";"1"
"370";"Prazo para construção das unidades habitacionais";"7";"1"
"371";"Liberação da escritura pública";"7";"0"
"372";"Descumprimento de acordo contratual de programa de habitação";"7";"1"
"373";"Insatisfação com normas de contrato de programa de habitação";"7";"1"
"374";"Atraso na execução de obra de programa habitacional";"7";"1"
"375";"Irregularidade na execução de obra de programa habitacional";"7";"1"
"376";"Fiscalização em unidade habitacional ";"7";"1"
"377";"Falta manutenção em unidade habitacional entregue";"7";"1"
"378";"Violência contra criança ou adolescente ";"8";"1"
"379";"Eleição para conselheiros tutelares";"8";"1"
"380";"Assistência à criança carente";"8";"1"
"381";"Fraude em eleição para o Conselho Tutelar";"8";"1"
"382";"Assistência a menino de rua";"8";"1"
"383";"Abuso sexual contra criança ou adolescente";"8";"1"
"384";"Trabalho escravo infantil";"8";"1"
"385";"Maus tratos a custodiados menores";"8";"1"
"386";"Conselho comunitário";"8";"0"
"387";"Descumprimento de determinação judicial ";"8";"1"
"388";"Instalações inadequadas ao funcionamento do órgão";"8";"0"
"389";"Maus tratos a alunos menores";"8";"1"
"390";"Núcleo de atendimento a família e autores de violência doméstica";"8";"1"
"391";"Violência psicológica à criança e adolescente";"8";"1"
"392";"Crimes pela internet à criança e adolescente";"8";"1"
"393";"Irregularidade em unidade de internação de menores";"8";"1"
"394";"Atividades sócioeducativas";"8";"1"
"395";"Discriminação étnico-racial contra crianças";"8";"1"
"396";"Pedofilia";"8";"1"
"397";"Prostituição de infantil";"8";"1"
"398";"Casa abrigo de menores";"8";"1"
"399";"Funcionamento de unidade de internação de menores";"8";"1"
"400";"Superlotação de unidade de internação de menores";"8";"1"
"401";"Tráfico de drogas envolvendo menor de idade";"8";"1"
"402";"Violência moral";"8";"1"
"403";"Atendimento de saúde a presos,detentos,internos";"8";"0"
"404";"Festas e eventos particulares";"8";"0"
"405";"Apoio a atividades culturais";"2";"1"
"406";"Incentivo a cultura e ao turismo local";"2";"1"
"407";"Valorização das manifestações culturais";"2";"1"
"408";"Participação em evento cultural";"2";"1"
"409";"Bibliotecas públicas";"2";"0"
"410";"Ingressos para eventos culturais";"2";"0"
"411";"Atraso no repasse de verba de incentivo a cultura";"2";"1"
"412";"Conservação de espaço cultural";"2";"1"
"413";"Empresa organizadora de evento cultural";"2";"1"
"414";"Acessibilidade em espaço cultural";"2";"1"
"415";"Conservação do patrimônio cultural";"2";"1"
"416";"Apoio a programas e projetos culturais";"2";"1"
"417";"Manutenção em órgãos e unidades";"2";"0"
"418";"Pagamento a fornecedor do Governo de Brasília";"13";"1"
"419";"Recursos para incentivo à produção cultural";"2";"1"
"420";"Manifestações culturais";"2";"1"
"421";"Programação de eventos culturais";"2";"1"
"422";"Funcionamento da lanchonete";"2";"0"
"423";"Reforma em centro cultural";"2";"1"
"424";"Superfaturamento em eventos culturais";"2";"1"
"425";"Horário de funcionamento de biblioteca ";"2";"1"
"426";"Aquisição de ingressos para eventos artísticos, culturais e desportivos";"2";"1"
"427";"Colegiado setorial de cultura";"2";"1"
"428";"Ampliar horário de funcionamento de Biblioteca ";"2";"1"
"429";"Concessão de desconto na aquisição de ingressos para eventos artísticos, culturais e desportivos";"2";"1"
"430";"Cumprimento de carga horária de trabalho de servidor público do DF";"13";"0"
"431";"Atuação do Colegiado Setorial de Cultura ";"2";"0"
"432";"Desacato a servidor público";"13";"1"
"433";"Falta de manutenção em equipamentos e,ou órgãos e unidades da secretaria de cultura";"2";"1"
"434";"Falta,atraso no pagamento a fornecedor";"2";"0"
"435";"Recurso à decisão judicial";"8";"0"
"436";"Solicitação de assistência jurídica";"8";"1"
"437";"Atendimento inadequado prestado por servidor";"8";"0"
"438";"Veículo estacionado em local irregular";"12";"1"
"439";"Fiscalização de trânsito em vias e ruas";"12";"1"
"440";"Veículo abandonado";"12";"0"
"441";"Autuação,notificação de trânsito";"12";"1"
"442";"Regularização de veículo";"12";"1"
"443";"Site do Detran";"12";"0"
"444";"Legislação de trânsito";"12";"1"
"445";"Pagamento de multas de trânsito";"12";"1"
"446";"Fiscalização em congestionamentos de veículos";"12";"1"
"447";"Transferência de veículo";"12";"1"
"448";"Emissão do Licenciamento CRLV";"12";"0"
"449";"Autoescola";"12";"1"
"450";"Cobrança de taxa do Detran";"12";"1"
"451";"Conduta de servidor do Detran,DF";"12";"1"
"452";"Andamento de processo de multas trânsito";"12";"1"
"453";"Prazo de entrega de documentos relativos a veículos,trânsito";"12";"0"
"454";"Fiscalização de som automotivo";"12";"1"
"455";"Recebimento de notificação de autuação de trânsito";"12";"0"
"456";"Direção perigosa em via pública";"12";"1"
"457";"Processo da CNH";"12";"1"
"458";"Emissão da CNH";"12";"1"
"459";"Renovação da CNH";"12";"1"
"460";"Dados cadastrais na CNH";"12";"0"
"461";"Transferência da CNH";"12";"1"
"462";"Exames para CNH";"12";"1"
"463";"Pontuação de CNH";"12";"1"
"464";"Fiscalização de veículos ";"12";"0"
"465";"Julgamentos de trânsito";"12";"0"
"466";"Vistorias de veículos";"12";"1"
"467";"Campanhas educativas no trânsito";"12";"1"
"468";"Fiscalização em transporte escolar";"12";"1"
"469";"Clínicas credenciadas ao Detran";"12";"1"
"470";"Fiscalização de clínicas credenciadas ao Detran";"12";"1"
"471";"Atendimento da Central 154";"12";"1"
"472";"Emplacamento de veículos";"12";"1"
"473";"Veículos apreendidos";"12";"1"
"474";"Registros de acidentes de trânsito - RAT";"12";"0"
"475";"Fluidez do trânsito nas vias públicas";"12";"0"
"476";"Tapa buraco - Estradas e rodovias";"12";"0"
"477";"Obra pública em vias públicas";"12";"1"
"478";"Fiscalização de trânsito em estradas,rodovias";"12";"1"
"479";"Sinalização de trânsito/vias públicas";"14";"1"
"480";"Manutenção em estradas,rodovias";"14";"1"
"481";"Semáforos";"14";"1"
"482";"Faixa de pedestre";"14";"1"
"483";"Faixa de domínio";"12";"0"
"484";"Quebra-molas";"12";"1"
"485";"Duplicação de estradas,rodovias";"14";"1"
"486";"Radares de trânsito";"12";"1"
"487";"Passarelas,passagens subterrâneas";"12";"0"
"488";"Acessibilidade em via pública";"12";"0"
"489";"Manutenção e conservação de viadutos";"12";"0"
"490";"Organização do trânsito";"12";"0"
"491";"Site do DER";"12";"0"
"492";"Viaturas de trânsito";"12";"1"
"493";"Monitoramento por câmeras de trânsito";"12";"0"
"494";"Faixa de trânsito reversa";"12";"1"
"495";"Horários de ônibus";"12";"0"
"496";"Itinerário do ônibus";"12";"0"
"497";"Superlotação em ônibus";"14";"1"
"498";"Linhas de ônibus";"12";"0"
"499";"Construção de parada de ônibus";"12";"0"
"500";"Localização de parada de ônibus";"12";"0"
"501";"Limpeza dos terminais rodoviários";"12";"0"
"502";"Acessibilidade nos terminais rodoviários";"12";"0"
"503";"Manutenção dos elevadores nos terminais rodoviários";"12";"0"
"504";"Segurança nos terminais rodoviários";"12";"0"
"505";"Placa de parada de ônibus";"12";"0"
"506";"Construção de terminais rodoviários";"12";"0"
"507";"Limpeza das paradas de ônibus";"12";"0"
"508";"Reforma em parada de ônibus";"12";"0"
"509";"Manutenção em terminais rodoviários";"12";"0"
"510";"Bloqueio de cartão do SBA";"12";"0"
"511";"Liberação do vale transporte ";"12";"0"
"512";"Sistemas do Dftrans fora do ar";"12";"0"
"513";"Confecção do cartão SBA";"12";"0"
"514";"Cartão Cidadão - Bilhete Único";"12";"1"
"515";"Cadastro cartão SBA";"12";"0"
"516";"Atendimento nos postos do Sistema de Bilhetagem Automática - SBA";"12";"0"
"517";"Bloqueio de cartão estudantil ";"12";"0"
"518";"Cartão Vale-Transporte";"12";"1"
"519";"Bloqueio de cartão especial";"12";"0"
"520";"Filas nos postos do Sistema de Bilhetagem Automática - SBA";"12";"0"
"521";"Confecção da carteira estudantil";"12";"0"
"522";"Integração tarifária";"12";"1"
"523";"Venda do cartão SBA";"12";"0"
"524";"Confecção de cartão do idoso";"12";"0"
"525";"Cartão Estudante / Passe Livre Estudantil";"12";"1"
"526";"Horário de funcionamento dos postos do SBA";"12";"0"
"527";"Valor da passagem de ônibus";"12";"0"
"528";"Cobrança da passagem ônibus";"12";"0"
"529";"Atendimento no SAC do Dftrans";"12";"0"
"530";"Site do Dftrans";"12";"1"
"531";"Acessibilidade em ônibus";"12";"1"
"532";"Assento preferencial em ônibus";"12";"1"
"533";"Integração do metrô com ônibus ";"12";"0"
"534";"Serviço de transporte público do DF";"12";"1"
"535";"Conduta do motorista de ônibus";"12";"1"
"536";"Conduta do cobrador de ônibus";"12";"1"
"537";"Estado de conservação,manutenção de ônibus";"12";"1"
"538";"Quantidade de ônibus";"14";"1"
"539";"Limpeza de ônibus";"12";"1"
"540";"Administração de concessionária de transporte";"12";"0"
"541";"Teleatendimento";"12";"0"
"542";"Horário no terminal de ônibus";"12";"0"
"543";"Fiscalização de ônibus";"14";"1"
"544";"Linha executiva - aeroporto";"12";"0"
"545";"Funcionamento do ar condicionado do ônibus";"12";"0"
"546";"Site da TCB";"12";"0"
"547";"Ordem de chegada dos ônibus no box na rodoviária do Plano Piloto";"12";"0"
"548";"Volume de som dentro do ônibus";"12";"0"
"549";"Conduta do fiscal da TCB";"12";"1"
"550";"Treinamento profissional para os motoristas e cobradores de ônibus";"12";"1"
"551";"Tabela de horário de linha de ônibus";"12";"0"
"552";"Fiscalização de taxi";"12";"1"
"553";"Fiscalização de transporte clandestino (pirata)";"12";"1"
"554";"Transporte de bagagens em táxi";"12";"1"
"555";"Conduta do motorista de táxi";"12";"1"
"556";"Conservação do táxi";"12";"1"
"557";"Serviço de táxi ";"12";"1"
"558";"Ponto de táxi";"12";"1"
"559";"Utilização do taxímetro";"12";"1"
"560";"Construção de ciclovia ou ciclofaixa em rodovia";"12";"1"
"561";"Criação de bicicletários";"12";"1"
"562";"Manutenção de ciclovia ou ciclofaixa em rodovia";"14";"1"
"563";"Construção de estacionamento público";"12";"1"
"564";"Privatização de estacionamento público";"12";"0"
"565";"Acessibilidade no táxi";"12";"1"
"566";"Tarifa de taxi";"12";"1"
"567";"Tarifa do metrô";"12";"1"
"568";"Serviço de Transporte Individual Privado por Aplicativos - STIP";"12";"1"
"569";"Sinalização de ciclovia ou ciclofaixa em rodovia";"14";"1"
"570";"Procedimento da Direção de Escola Pública";"4";"1"
"571";"Unidade Educacional Pública";"4";"1"
"572";"Unidade Educacional Particular";"4";"1"
"573";"Professor(a)";"4";"1"
"574";"Telematrícula";"4";"1"
"575";"Coordenação Regional de Ensino";"4";"1"
"576";"Histórico Escolar";"4";"1"
"577";"Remanejamento Escolar";"4";"1"
"578";"Certificado Escolar";"4";"1"
"579";"Transporte Escolar";"4";"1"
"580";"Credenciamento de Instituição de Ensino";"4";"1"
"581";"Qualidade de Ensino";"4";"1"
"582";"Merenda escolar";"4";"1"
"583";"Uniforme Escolar";"4";"1"
"584";"Livro Didático";"4";"1"
"585";"Vagas nas Escolas";"4";"1"
"586";"Inspeção Escolar";"4";"1"
"587";"Lista de Material Escolar";"4";"0"
"588";"Monitores nas Escolas";"4";"1"
"589";"Boletim Escolar";"4";"1"
"590";"Verbas nas Escolas";"4";"1"
"591";"Centro Interescolar de Línguas - CIL";"4";"1"
"592";"Construção de Escolas Públicas";"4";"1"
"593";"Associação de Pais e Mestres - APM";"4";"1"
"594";"Conteúdo Pedagógico";"4";"1"
"595";"Professor de Contrato Temporário";"4";"1"
"596";"Documentação Escolar";"4";"1"
"597";"Educação Inclusiva";"4";"1"
"598";"Segurança nas Escolas";"4";"1"
"599";"Greve";"13";"1"
"600";"Cursos técnicos";"4";"1"
"601";"Educação Integral";"4";"1"
"602";"Evento Cultural na Escola";"4";"1"
"603";"Diário Escolar Eletrônico";"13";"1"
"604";"Processo Seletivo e Estágio";"4";"1"
"605";"Escolas Extintas";"4";"1"
"606";"Discriminação Étnico Racial nas escolas";"4";"1"
"607";"Carteira Estudantil";"4";"1"
"608";"Unidade Escolar Conveniada";"4";"1"
"609";"Ameaça de morte em ambiente escolar";"4";"1"
"610";"Abuso Sexual em ambiente escolar";"4";"1"
"611";"Escola de Aperfeiçoamento dos Profissionais da Educação - EAPE";"4";"1"
"612";"Contracheque de Servidor Público";"13";"0"
"613";"Assédio Moral,Sexual em ambiente escolar";"4";"0"
"614";"Atendimento na Rede de Ouvidorias do DF";"13";"1"
"615";"Acessibilidade nas escolas";"4";"1"
"616";"Injúrias no ambiente escolar";"4";"1"
"617";"Exame Nacional do Ensino Médio - ENEM";"4";"1"
"618";"Uso de drogas na escola";"4";"1"
"619";"Batalhão Escolar";"4";"1"
"620";"Furto";"4";"0"
"621";"Lanchonete , Cantina Escolar";"4";"1"
"622";"Exame Nacional Certificação Competências Jovens e Adultos - ENCCEJA";"4";"1"
"623";"PAS";"4";"1"
"624";"PDAF,PDDE";"4";"1"
"625";"Atendimento em unidade escolar";"4";"0"
"626";"Salas de Leitura em unidades escolar";"4";"0"
"627";"Assessoramento agroindustrial";"1";"1"
"628";"Política de adoção de extensão rural";"1";"1"
"629";"Distribuição de sementes, mudas, plantas e insumos";"1";"1"
"630";"Degradação de recursos naturais";"1";"1"
"631";"Assistência técnica agrícola";"1";"1"
"632";"Visitas técnicas EMATER";"1";"1"
"633";"Implementação de tecnologias para atividades agrícolas e pecuárias";"1";"1"
"634";"Educação sanitária vegetal e animal";"1";"1"
"635";"Feiras agrícolas";"1";"1"
"636";"Cartão do produtor rural";"1";"1"
"637";"Declaração de aptidão ao PRONAF";"1";"1"
"638";"Declaração de produção agrícola";"1";"1"
"639";"Assessoramento ambiental e regularização fundiária";"1";"1"
"640";"Plano de utilização";"1";"1"
"641";"Programa reflorestar";"1";"1"
"642";"Declaração de conformidade da atividade agropecuária – DCAA";"1";"1"
"643";"Cadastro ambiental rural do distrito federal - CAR";"1";"1"
"644";"Programa de aquisição da produção da agricultura – PAPA,DF";"1";"1"
"645";"Programa de aquisição de alimentos – PAA,DF";"1";"1"
"646";"Linhas de crédito rural";"1";"1"
"647";"Declaração de atividade produtiva";"1";"0"
"648";"Atendimento ao cidadão em órgão, entidade pública do DF";"13";"1"
"649";"Manutenção em quadra de esporte";"5";"0"
"650";"Atividades oferecidas para desporto escolar";"5";"0"
"651";"Atendimento prestado pelo servidor público";"11";"0"
"652";"Erro em site governamental";"5";"0"
"653";"Apoio a programas e projetos ";"5";"0"
"654";"Procedimento de Educador Físico da Secretaria do Esporte";"5";"0"
"655";"Fiscalização em clubes";"5";"1"
"656";"Dificuldade de acesso ao edital de pesquisa da FAP";"4";"1"
"657";"Implantação da bolsa de pesquisa";"4";"1"
"658";"Repasse de verba de pesquisa,projeto,convênio,evento";"4";"1"
"659";"Site da FAPDF";"4";"0"
"660";"Edital de pesquisa,projeto,convênio,evento";"4";"1"
"661";"Recurso contra resultado de final,parcial de edital FAP";"4";"1"
"662";"Apoio financeiro à pesquisa científica, tecnológica ou de inovação";"4";"1"
"663";"Recurso contra análise de prestação de contas FAP";"4";"1"
"664";"Irregularidade em convênio,contrato,cooperação da FAP";"4";"1"
"665";"Verba para pesquisa, projeto, convênio , evento";"4";"1"
"666";"Bolsa universitária";"4";"1"
"667";"Critérios de avaliação do concurso,vestibular da FEPECS";"4";"1"
"668";"Escolas ,cursos credenciados na FEPECS";"4";"1"
"669";"Atendimento de professores da FEPECS";"10";"1"
"670";"Campanhas de doação de sangue";"10";"1"
"671";"Lanche para doadores de sangue";"10";"1"
"672";"Critérios para doação de sangue";"10";"1"
"673";"Atestado de doação de sangue";"10";"1"
"674";"Funcionamento das agências transfusionais";"10";"1"
"675";"Isenção da taxa de concurso p,doadores de sangue";"10";"1"
"676";"Cadastro para doação de medula";"10";"1"
"677";"Atendimento a pessoas com coagulopatias hereditárias";"10";"1"
"678";"Atendimento para doação de sangue";"10";"1"
"679";"Critérios para doação de sangue";"10";"0"
"680";"Estacionamento para doadores de sangue";"10";"1"
"681";"Lanche para doadores de sangue";"10";"0"
"682";"Qualidade dos lanches ofertados";"10";"0"
"683";"Resultado de exames médicos realizados no HEMOCENTRO";"10";"1"
"684";"Transporte disponível para doação de sangue";"10";"1"
"685";"Atendimento realizado nas agências transfusionais";"10";"1"
"686";"Incentivo para o doador de sangue";"10";"1"
"687";"Unidades para coleta de sangue";"10";"1"
"688";"Resultados de exames para doação disponíveis por meio eletrônico";"10";"1"
"689";"Funcionamento de unidade penal";"8";"0"
"690";"Emprego para trabalhador preso";"8";"1"
"691";"Atividades de readaptação de presos";"8";"0"
"692";"Assistência aos presidiários";"8";"0"
"693";"Horário de visitação ao presidiário,detento,interno";"8";"1"
"694";"Ressocialização";"8";"1"
"695";"Assistência à família do presidiário";"8";"1"
"696";"Assistência à família da vítima";"8";"1"
"697";"Regularização de unidade habitacional";"7";"1"
"698";"Falta de moradia,habitação popular";"7";"1"
"699";"Regularização de escritura habitacional (CODHAB)";"7";"1"
"700";"Solicitação de escrituras";"7";"0"
"701";"Entrega de escrituras habitacional (CODHAB)";"7";"1"
"702";"Critérios,normas do programa habitacional";"7";"0"
"703";"Expedição de alvará";"7";"0"
"704";"Etapas posteriores à habilitação de programa habitacional";"7";"1"
"705";"Classificação no programa habitacional";"7";"0"
"706";"Período para novo cadastramento habitacional";"7";"1"
"707";"Programas habitacionais";"7";"0"
"708";"Regularização de becos,lotes";"7";"0"
"709";"Regularização de imóvel ";"7";"0"
"710";"Venda ilegal de box comercial";"7";"1"
"711";"Descumprimento de acordo contratual";"7";"0"
"712";"Venda,aluguel indevido de unidades habitacionais";"7";"0"
"713";"Construção das unidades habitacionais";"7";"1"
"714";"Liberação de outorga para programas,projetos habitacionais";"7";"1"
"715";"Regularização das áreas rurais do DF";"7";"1"
"716";"Cobrança de serviço,taxa de órgão,entidade pública";"13";"1"
"717";"Obra de programa habitacional inacabada";"7";"1"
"718";"Emissão ou envio de boleto de impostos oriundos de programas habitacionais (CODHAB)";"7";"1"
"719";"Alvará irregular em estabelecimento comercial";"7";"0"
"720";"Manutenção e conservação da edificação oriunda de programa habitacional";"7";"1"
"721";"Agendamento para programa habitacional";"7";"1"
"722";"Preservação,Conservação dos espaços do Jardim Botânico";"7";"1"
"723";"Degradação dos espaços do Jardim Botânico";"7";"1"
"724";"Manutenção predial em Órgão,Entidade Pública";"13";"1"
"725";"Recuperação de vias e ruas no Jardim Botânico";"7";"1"
"726";"Valor cobrado de serviço,taxa no Jardim Botânico";"7";"1"
"727";"Palestra sobre educação ambiental";"7";"1"
"728";"Preservação de parques";"7";"0"
"729";"Conservação da área de visitação";"7";"0"
"730";"Agendamento para visita guiada no Jardim Botânico";"7";"1"
"731";"Estágio de Pesquisa Científica no Jardim Botânico";"7";"1"
"732";"Sinalização de trilhas no Jardim Botânico";"7";"1"
"733";"Locação de áreas no Jardim Botânico";"7";"1"
"734";"Piquenique no Jardim Botânico";"7";"1"
"735";"Visita aos espaços do Jardim Botânico";"7";"1"
"736";"Atendimento inadequado em órgão público";"8";"0"
"737";"Atendimento prestado pelo servidor público";"13";"0"
"738";"Falha em procedimento do órgão,entidade pública";"13";"1"
"739";"Atendimento nas agências do NA HORA";"8";"1"
"740";"Descaso no atendimento a cidadão";"8";"0"
"741";"Instalações inadequadas ao funcionamento do órgão";"8";"0"
"742";"Dificuldade para fazer a carteira de trabalho";"8";"0"
"743";"Senha para atendimento no órgão público";"13";"1"
"744";"Visita em unidade penal";"8";"1"
"745";"Atendimento em unidade penal";"8";"1"
"746";"Maus tratos a custodiados";"8";"1"
"747";"Solicitação de assistência ao dependente de droga";"8";"1"
"748";"Assédio moral ";"8";"0"
"749";"Assédio sexual";"8";"0"
"750";"Assistência aos presidiários";"8";"1"
"751";"Atendimento de saúde a presos,detentos,internos";"8";"0"
"752";"Atividades de readaptação de presos";"8";"1"
"753";"Documentos para formalização do processo";"8";"0"
"754";"Inspeção em unidade penal";"8";"1"
"755";"Funcionamento de unidade penal";"8";"0"
"756";"Concessão de licença ambiental";"7";"1"
"757";"Legislação ambiental";"7";"1"
"758";"Funcionamento de órgão público";"13";"1"
"759";"Área de proteção ambiental";"7";"1"
"760";"Preservação de parques";"7";"1"
"761";"Tratamento de efluentes e resíduos";"7";"0"
"762";"Sugestão de obras de saneamento";"7";"1"
"763";"Criação de parque ecológico";"7";"1"
"764";"Passe-estudantil do metrô";"12";"0"
"765";"Sistema do metrô";"12";"1"
"766";"Atuação da segurança do metrô";"12";"1"
"767";"Reembolso de tarifa/crédito";"12";"1"
"768";"Fiscalização no vagão exclusivo do metrô";"12";"1"
"769";"Cartão do metrô";"12";"1"
"770";"Horário funcionamento do metrô";"12";"1"
"771";"Bilheterias do metrô";"12";"1"
"772";"Fiscalização no sistema do metrô";"12";"1"
"773";"Cartão passe-livre do metrô";"12";"0"
"774";"Companhia metrô";"12";"1"
"775";"Estações do metrô";"12";"1"
"776";"Equipamentos no trem do metrô";"12";"1"
"777";"Sistema de sonorização dos trens";"12";"1"
"778";"Viagens negativas no metrô";"12";"1"
"779";"Objetos perdidos no metrô";"12";"1"
"780";"Campanha educativa no metrô";"12";"1"
"781";"Transporte de bicicletas nos trens do metrô";"12";"1"
"782";"Legislação inerente ao metrô";"12";"1"
"783";"Obras no metrô";"12";"1"
"784";"Sistema automático";"12";"1"
"785";"Assento preferencial no metrô";"12";"1"
"786";"Conduta do piloto no trem do metrô";"12";"1"
"787";"Quantidades de trens do metrô";"12";"1"
"788";"Itinerário do metrô";"12";"1"
"789";"Quantidade de passageiros nos trens do metrô";"12";"1"
"790";"VLT - Veículo leve sobre trilho";"12";"1"
"791";"Pontualidade dos trens do metrô";"12";"1"
"792";"Estratégia de despachos de trens do metrô";"12";"1"
"793";"Auto-atendimento nas estações do metrô";"12";"1"
"794";"Autorização para poda de árvore em área particular";"7";"1"
"795";"CALÇADA";"7";"0"
"796";"Certidão da NOVACAP para fins e habite-se junto às administrações regionais";"7";"1"
"797";"Construção de calçadas";"7";"1"
"798";"Construção de estacionamento público";"7";"0"
"799";"Controle de cupinzeiros e formigueiros";"7";"1"
"800";"Corte total da árvore - erradicação";"7";"1"
"801";"Doação de mudas de árvore, arbustos, erva, flores e grama";"7";"1"
"802";"Galeria de águas pluviais";"14";"1"
"803";"Implantação e conservação de gramados, bosques, parques e jardins";"14";"1"
"804";"Nivelamento do asfalto";"7";"1"
"805";"Parquinhos infantis";"14";"1"
"806";"Pavimentação urbana - asfalto";"7";"1"
"807";"Plantação em área pública";"7";"1"
"808";"Poda de árvore em  área pública";"7";"0"
"809";"Pontes e viadutos";"7";"1"
"810";"Ponto de encontro comunitário – PEC";"14";"1"
"811";"Praças e jardins";"14";"1"
"812";"Projetos e obras de infraestrutura urbana";"7";"1"
"813";"Quadras de esporte";"14";"1"
"814";"Coleta de galhos e troncos de árvores (área pública urbana)";"7";"1"
"815";"Manutenção de calçadas (irregulares ou danificadas)";"14";"1"
"816";"Roçagem de mato,capim";"14";"1"
"817";"Tapa buraco - vias públicas";"14";"1"
"818";"Venda de mudas sobressalentes de árvores, arbustos, ervas e flores";"7";"1"
"819";"Condução da audiência judicial com a autoridades";"8";"1"
"820";"Cooperação técnica judicial";"8";"1"
"821";"Acesso a documentos ou a processos em órgãos públicos";"13";"0"
"822";"Parecer jurídico";"8";"1"
"823";"Descumprimento de determinação judicial ";"8";"0"
"824";"Ata de audiência pública";"8";"1"
"825";"Decisão judicial envolvendo o Governo do Distrito Federal";"8";"1"
"826";"Requerimentos e recursos judiciais";"8";"1"
"827";"Tráfico de drogas e entorpecentes";"8";"1"
"828";"Grilagem em área pública";"8";"1"
"829";"Solicitação de policiamento";"8";"1"
"830";"Crime ambiental";"8";"1"
"831";"Violência contra o idoso";"8";"0"
"832";"Uso de droga e entorpecentes";"8";"0"
"833";"Fiscalização de bares, lanchonetes e restaurantes";"8";"0"
"834";"Idoso em situação de risco";"8";"0"
"835";"Jogos de azar";"8";"1"
"836";"Invasão em área pública";"8";"0"
"837";"Maus tratos de animais";"8";"0"
"838";"Fiscalização de comércio irregular";"8";"0"
"839";"Violência contra a mulher";"8";"0"
"840";"Prostituição";"8";"1"
"841";"Flanelinhas,guardadores de carro";"8";"1"
"842";"Atuação da polícia civil";"8";"1"
"843";"Intensificação do policiamento";"8";"0"
"844";"Animais soltos em vias públicas";"8";"0"
"845";"Corte,poda de árvore";"9";"0"
"846";"Abuso sexual contra criança ou adolescente";"8";"0"
"847";"Furto";"8";"1"
"848";"Fiscalização em área de proteção ambiental - apa";"8";"1"
"849";"Apologia as drogas";"8";"1"
"850";"Preservação da fauna e flora";"8";"0"
"851";"Ameaça de morte";"8";"1"
"852";"Invasão domiciliar";"8";"1"
"853";"Crimes contra a propriedade imaterial - pirataria";"8";"0"
"854";"Perturbação do sossego";"8";"0"
"855";"Policiamento";"8";"0"
"856";"Prostituição de menores";"8";"0"
"857";"Policiamento ostensivo";"8";"0"
"858";"Discriminação étnico-racial";"8";"0"
"859";"Roubo de veículos ";"8";"1"
"860";"Crimes pela internet";"8";"1"
"861";"Violência contra criança ou adolescente ";"8";"0"
"862";"Dificuldade em registrar boletim de ocorrência";"8";"1"
"863";"Solicitação de implantação de delegacia";"8";"0"
"864";"Falsificação de documentos";"8";"1"
"865";"Constrangimento ilegal praticado p, policial civil";"8";"1"
"866";"Venda ilegal de animais";"8";"1"
"867";"Falta de providência pós chamada  197";"8";"1"
"868";"Crime praticado por policial civil";"8";"1"
"869";"Abuso sexual";"8";"1"
"870";"Conduta inadequada de Policial Civil fora exercício da função";"8";"1"
"871";"Estelionato";"8";"1"
"872";"Porte ilegal de arma de fogo";"8";"1"
"873";"Falsificação de documento em órgão público";"8";"1"
"874";"Recebimento de propina";"8";"1"
"875";"Apologia ao crime";"8";"1"
"876";"Exercício inadequado da profissão,policial civil";"8";"1"
"877";"Abuso de autoridade praticado por policial civil";"8";"1"
"878";"Depredação de bem público";"8";"1"
"879";"Contrabando";"8";"1"
"880";"Invasão de área pública";"8";"0"
"881";"Direção perigosa";"8";"0"
"882";"Cobrança de propina";"8";"1"
"883";"Violência sexual";"8";"1"
"884";"Tráfico de pessoas";"8";"1"
"885";"Falta de viaturas policiais";"8";"0"
"886";"Localizacao de veiculos roubados";"8";"1"
"887";"Maus tratos a custodiados";"8";"0"
"888";"Receptação de mercadorias roubadas";"8";"1"
"889";"Uso de documento falso";"8";"1"
"890";"Violência física";"8";"1"
"891";"Uso de bens públicos para fins privados";"13";"1"
"892";"Denúncia crime de calúnia";"8";"1"
"893";"Trabalho escravo";"8";"0"
"894";"Disparo por arma de fogo por policial";"8";"1"
"895";"Uso indevido da viatura da policia civil";"8";"1"
"896";"Demora do resgate de vítimas";"8";"1"
"897";"Solicitação de acompanhamento para menores , idoso";"8";"0"
"898";"Segurança pública";"8";"1"
"899";"Abate indevido de animais";"8";"1"
"900";"Falsificação de documentos feita por médico perito";"8";"1"
"901";"Pedofilia";"8";"1"
"902";"Falta de capacitação do policial";"8";"0"
"903";"Apologia à violência";"8";"1"
"904";"Prevaricação";"8";"1"
"905";"Sonegação Tributária";"8";"0"
"906";"Falsificação de assinatura";"8";"1"
"907";"Assédio moral no serviço público";"13";"1"
"908";"Abordagem violenta de policial civil";"8";"1"
"909";"Localização de pessoas desaparecidas";"8";"1"
"910";"Localização de foragidos";"8";"0"
"911";"Intolerância religiosa";"8";"1"
"912";"Perturbação do sossego";"8";"0"
"913";"Segurança pública";"8";"0"
"914";"Policiamento ostensivo";"8";"0"
"915";"Policiamento";"8";"0"
"916";"Aumento do efetivo policial";"8";"1"
"917";"Intensificação do policiamento";"8";"0"
"918";"Implantação de posto policial";"8";"1"
"919";"Tráfico de drogas";"8";"0"
"920";"Abuso da autoridade ";"8";"0"
"921";"Atuação inadequada da PM em Blitz e rondas";"8";"1"
"922";"Viaturas policiais";"8";"1"
"923";"Ronda ostensiva";"8";"1"
"924";"Ronda escolar";"8";"1"
"925";"Descumprimento, normas,estatuto policial militar";"8";"1"
"926";"Polícia militar";"8";"1"
"927";"Abordagem violenta de policial militar";"8";"1"
"928";"Conduta inadequada de PM fora do exercício da função";"8";"1"
"929";"Uso indevido da viatura da policia militar";"8";"1"
"930";"Capacitação,treinamento da polícia";"8";"1"
"931";"Abuso de autoridade praticado por policial militar";"8";"1"
"932";"Atuação da polícia rodoviária ";"8";"1"
"933";"Flanelinhas,guardadores de carro";"8";"0"
"934";"Atuação da PMDF em eventos";"8";"1"
"935";"Constrangimento ilegal praticado p, policial militar";"8";"1"
"936";"Abuso sexual contra criança ou adolescente";"8";"0"
"937";"Agressão praticada por policial militar";"8";"1"
"938";"Disparo por arma de fogo";"8";"1"
"939";"Policiamento em comércio";"8";"0"
"940";"Curso de formação da PM";"8";"1"
"941";"Ameaça de morte";"8";"0"
"942";"Apologia à violência";"8";"0"
"943";"Discriminação étnico-racial";"8";"0"
"944";"Utilização de armas não letais";"8";"1"
"945";"Porte ilegal de arma de fogo";"8";"0"
"946";"Violência contra a mulher";"8";"0"
"947";"Alteração do fluxo da via para pessoas,veículos";"8";"1"
"948";"Atuação inadequada da PM em Blitz e rondas";"8";"0"
"949";"Policial Envolvido com o tráfico de drogas";"8";"1"
"950";"Funcionamento do site PMDF";"8";"0"
"951";"Notificação de trânsito";"8";"0"
"952";"Aplicação do policiamento";"8";"0"
"953";"Tortura";"8";"1"
"954";"Fiscalização - Poluição Sonora em Estabelecimento Comercial";"7";"1"
"955";"Poluição do Ar - Produtos Químicos";"7";"1"
"956";"Fiscalização - Degradação Dos Recursos Hídricos";"7";"1"
"957";"Fiscalização - Poluição Visual";"7";"1"
"958";"Fiscalização - Degradação do Solo";"7";"1"
"959";"Fiscalização - Parques E Unidades De Conservação";"7";"1"
"960";"Fiscalização - Área De Preservação Permanente - APP";"7";"1"
"961";"Fiscalização - Criação e Comércio Ilegal de Animais ";"7";"1"
"962";"Maus Tratos de Animais";"7";"0"
"963";"Fiscalização - Transporte de Produtos Perigosos";"7";"1"
"964";"Fiscalização - Atividade ou Empreendimento Licenciável";"7";"1"
"965";"Poda ou Corte Irregular de Árvore";"14";"1"
"966";"Fiscalização - Danos a Jardins Públicos";"7";"1"
"967";"Implantação e Manutenção de Programas e Projetos ambientais";"7";"1"
"968";"Manutenção e Segurança de Parques e Unidades de Conservação";"7";"1"
"969";"Conservação,Limpeza em Órgão,Entidade Pública";"13";"1"
"970";"Autorização para poda e corte de árvores";"7";"0"
"971";"Taxas Ambientais";"7";"1"
"972";"Dano,Degradação do Meio Ambiente";"7";"1"
"973";"Qualidade no atendimento em unidade Procon";"8";"1"
"974";"Orientações sobre direito do consumidor";"8";"1"
"975";"Atendimento da central de teleatendimento 151";"8";"1"
"976";"Cobrança indevida de serviço do consumidor";"8";"0"
"977";"Apoio jurídico ao consumidor";"8";"1"
"978";"Atendimento das agências";"8";"0"
"979";"Propaganda enganosa ao consumidor";"8";"1"
"980";"Reclamação do consumidor a procedimentos de escola particular";"8";"0"
"981";"Descumprimento de acordo em contrato privado";"8";"1"
"982";"Comunicação de órgão,entidade pública com o cidadão";"13";"1"
"983";"Serviço prestado por órgão/entidade do Governo do DF";"13";"1"
"984";"Cobrança indevida de tarifa bancária do cliente,consumidor";"8";"1"
"985";"Atendimento ao público";"13";"0"
"986";"Empresa organizadora de evento";"8";"0"
"987";"Falta de atendimento preferencial ao idoso";"8";"0"
"988";"Funcionamento irregular de escolas";"8";"1"
"989";"Orientação sobre ressarcimento de pagamentos ao consumidor";"8";"1"
"990";"Serviços prestados por empresas conveniadas ao GDF";"13";"1"
"991";"Implantação de unidade de atendimento ao consumidor";"8";"1"
"992";"Tempo de espera do consumidor em filas";"8";"1"
"993";"Combustíveis adulterado";"8";"1"
"994";"Ampliação do atendimento telefônico";"8";"0"
"995";"Autoescola irregular";"8";"0"
"996";"Atendimento nas agências do PROCON";"8";"0"
"997";"Superfaturamento das propostas apresentadas";"8";"0"
"998";"Ata de registro de preços";"8";"1"
"999";"Comercialização de medicamentos controlados";"8";"1"
"1000";"Irregularidades em comercialização de produtos aos consumidores";"8";"1"
"1001";"Lesão ao consumidor em emprestimos bancários";"8";"1"
"1002";"Sistema de empresa privada fora do ar";"8";"1"
"1003";"Denúncia de empresa fantasma";"8";"1"
"1004";"Obrigatoriedade de recebimento de vencimentos pelo BRB";"8";"1"
"1005";"Falha na emissão de notas fiscais";"8";"0"
"1006";"Pagamento de consumidor à fornecedor";"8";"1"
"1007";"Animais soltos em vias públicas";"1";"1"
"1008";"Condição higiênico-sanitária";"1";"1"
"1009";"Fiscalização,inspeção de produtos animal,vegetal";"1";"1"
"1010";"Manutenção em estradas,rodovias rurais";"14";"1"
"1011";"Roçagem rural";"14";"1"
"1012";"Criação de animais em áreas rurais";"1";"1"
"1013";"Fiscalização em estabelecimentos agropecuários e petshops";"1";"1"
"1014";"Funcionamento de matadouro,abatedouro";"1";"1"
"1015";"Reforma agrária";"1";"1"
"1016";"Assentamento rural";"1";"1"
"1017";"Guia de trânsito animal - GTA";"1";"1"
"1018";"Invasão em área pública rural";"1";"1"
"1019";"Legislação de agricultura, pecuária e abastecimento";"1";"1"
"1020";"Armazenamento,despejo de agrotóxicos";"1";"1"
"1021";"Degradação do solo";"1";"1"
"1022";"Contaminação ambiental";"1";"1"
"1023";"Regularização das áreas rurais do DF";"1";"0"
"1024";"Fiscalização de Obras em Construção em ADE";"6";"1"
"1025";"PRO-DF - Programa de Apoio ao Empreendimento Produtivo do Distrito Federal";"6";"1"
"1026";"Incentivos Econômicos no Governo de Brasília";"6";"1"
"1027";"Desenvolvimento Sustentável das Áreas, Polos e Parques de Desenvolvimento Econômico";"6";"1"
"1028";"Parcerias com órgãos e entidades públicas e privadas";"6";"0"
"1029";"Programas de incentivo às exportações";"6";"1"
"1030";"Capacitação técnica, tecnológica e gerencial das empresas beneficiadas por programas vinculados à secretaria";"6";"1"
"1031";"Região integrada de desenvolvimento do distrito federal e entorno – RIDE";"6";"1"
"1032";"Legislação tributária";"6";"1"
"1033";"Cobrança indevida de imposto";"6";"0"
"1034";"Portal da secretaria de fazenda";"6";"0"
"1035";"Portal do Nota Legal";"6";"0"
"1036";"Horário de atendimento nas agências da receita";"6";"0"
"1037";"Fiscalização Tributária em Estabelecimento";"6";"1"
"1038";"Nota legal";"6";"1"
"1039";"Boleto de impostos";"6";"0"
"1040";"IPTU,TLP";"6";"0"
"1041";"IPVA – Cadastro de Veículos";"6";"1"
"1042";"ICMS";"6";"0"
"1043";"ISS";"6";"0"
"1044";"ITBI,ITCD";"6";"0"
"1045";"Baixa de recolhimento de imposto";"6";"0"
"1046";"Conduta do auditor fiscal da receita do DF";"6";"1"
"1047";"Atendimento nas agências da receita SEEC";"6";"1"
"1048";"Dívida ativa no DF";"6";"1"
"1049";"Certidão negativa de tributos do DF";"6";"0"
"1050";"Sintegra";"6";"1"
"1051";"Portal SEPLAG";"6";"0"
"1052";"Atendimento na perícia médica";"6";"1"
"1053";"Uso de veículo oficial";"13";"1"
"1054";"Orçamento do governo de Brasília";"6";"0"
"1055";"Verbas e recursos públicos do governo de Brasília";"6";"0"
"1056";"Demora no agendamento de cirurgia";"10";"0"
"1057";"Demora no agendamento de consulta";"10";"0"
"1058";"Demora no agendamento de exames";"10";"0"
"1059";"Aleitamento artificial";"10";"1"
"1060";"Alimentação de acompanhante de paciente internado";"10";"1"
"1061";"Alimentação de paciente internado";"10";"1"
"1062";"Alimentação de servidores em unidades de saúde pública";"10";"1"
"1063";"Alteração de carga horaria";"10";"1"
"1064";"Ambulâncias da rede SUS,SAMU";"10";"1"
"1065";"Reforma em unidades de saúde";"10";"1"
"1066";"Ampliação de  horários de funcionamento em unidades de saúde";"10";"1"
"1067";"Animais em ambientes inadequados";"10";"1"
"1068";"Animais soltos em vias públicas";"10";"0"
"1069";"Aplicação de inseticida pelo carro Fumacê";"10";"1"
"1070";"Armazenamento de cilindro de oxigênio em unidade de saúde pública";"10";"1"
"1071";"Armazenamento de lixo hospitalar";"10";"1"
"1072";"Armazenamento,distribuição de medicamentos";"10";"1"
"1073";"Assédio sexual envolvendo médico";"10";"0"
"1074";"Assistência a deficientes físicos em unidades de saúde pública do DF";"10";"1"
"1075";"Assistência ao dependente químico";"10";"1"
"1076";"Atendimento de paciente morador de outra área,abrangência";"10";"1"
"1077";"Atendimento de agente comunitário de saúde,agentes de endemias";"10";"1"
"1078";"Atendimento de equipe saúde da família";"10";"1"
"1079";"Atendimento de profissionais de saúde não médico";"10";"1"
"1080";"Atendimento de saúde a presos,detentos,internos";"10";"0"
"1081";"Atendimento em Unidade de Saúde Pública";"10";"0"
"1082";"Atendimento em urgência , emergência";"10";"1"
"1083";"Atendimento médico";"10";"1"
"1084";"Atendimento central 160";"10";"1"
"1085";"Atendimento preferencial em unidade de saúde pública";"10";"1"
"1086";"Atendimento prestado por residentes";"10";"1"
"1087";"Atendimento telefônico em unidade de saúde pública";"10";"1"
"1088";"Atraso de médico";"10";"1"
"1089";"Avaliação técnica sobre medicamentos";"10";"1"
"1090";"Cadastro nacional de estabelecimento de saúde - CNES";"10";"1"
"1091";"Campanhas de vacina";"10";"1"
"1092";"Cartão de vacina";"10";"1"
"1093";"Cartão nacional de saúde , cartão SUS";"10";"1"
"1094";"Reclamação sobre agendamento de Cirurgia";"10";"0"
"1095";"Cobertura de procedimentos pelo SUS";"10";"1"
"1096";"Combate ao foco da dengue";"10";"1"
"1097";"Condições de trabalho de profissional da saúde";"10";"1"
"1098";"Conselho de saúde";"10";"1"
"1099";"Consumo de cigarros em unidades de saúde";"10";"1"
"1100";"Criação de animais";"10";"1"
"1101";"Descumprimento de carga horária de servidor da saúde";"10";"1"
"1102";"Distribuição de preservativos";"10";"1"
"1103";"Distribuição de senhas em unidades de saúde pública";"10";"1"
"1104";"Doação de órgãos";"10";"1"
"1105";"Documentos e formulários da saúde";"10";"1"
"1106";"Empresa prestadora,terceirizada na saúde pública";"10";"1"
"1107";"Equipamento hospitalar";"10";"1"
"1108";"Erro médico";"10";"1"
"1109";"Estacionamento em unidade de saúde pública";"10";"1"
"1110";"Esterilização de material médico hospitalar";"10";"1"
"1111";"Evasão de paciente sem alta hospitalar";"10";"1"
"1112";"Extravio da guia de atendimento de emergência - GAE";"10";"1"
"1113";"Extravio de pertences de paciente na internação";"10";"1"
"1114";"Extravio de prontuário em unidades de saúde";"10";"1"
"1115";"Falta de  servidores em unidade de saúde pública";"10";"1"
"1116";"Falta de água em unidade de saúde pública";"10";"1"
"1117";"Falta de material,insumos médico - hospitalar em unidade de saúde pública";"10";"1"
"1118";"Falta de medicamento";"10";"1"
"1119";"Falta de médicos";"10";"1"
"1120";"Falta de profissional em unidade de saúde pública";"10";"1"
"1121";"Faturamento ambulatorial,sistema de informação ambulatorial - SIA";"10";"1"
"1122";"Faturamento hospitalar,sistema de informação hospitalar - SIH";"10";"1"
"1123";"Filas em unidades de saúde";"10";"1"
"1124";"Fiscalização ambulante do ramo alimentar";"10";"1"
"1125";"Fiscalização de bares, lanchonetes e restaurantes";"10";"0"
"1126";"Fiscalização de mercados e supermercados";"10";"1"
"1127";"Fiscalização de quiosque do ramo alimentar";"10";"1"
"1128";"Fiscalização vigilância sanitária";"10";"1"
"1129";"Funcionamento de aparelho de eletroencefalograma em unidade de saúde pública";"10";"1"
"1130";"Funcionamento de aparelho de Raio-X em unidade de saúde pública";"10";"1"
"1131";"Funcionamento de ecógrafo,ultrassom em unidade de saúde pública";"10";"1"
"1132";"Funcionamento de eletrocardiógrafo em unidade de saúde pública";"10";"1"
"1133";"Funcionamento de lanchonete em unidade de saúde pública";"10";"1"
"1134";"Funcionamento de programa ,projeto na saúde";"10";"1"
"1135";"Funcionamento de serviços de saúde";"10";"0"
"1136";"Funcionamento de tomógrafo em unidade de saúde pública";"10";"1"
"1137";"Funcionamento do SAMU";"10";"1"
"1138";"Furto em unidade de saúde pública";"10";"1"
"1139";"Gratificações da saúde";"10";"0"
"1140";"Horário de funcionamento unidade saúde";"10";"1"
"1141";"Horário de visita em hospital público";"10";"1"
"1142";"Infecção hospitalar";"10";"1"
"1143";"Infraestrutura em unidade de saúde pública";"10";"1"
"1144";"Internação domiciliar";"10";"1"
"1145";"Internação em Hospital Público do DF";"10";"1"
"1146";"Leito de internação em hospital público do DF";"10";"0"
"1147";"Leito em UTI,CTI";"10";"0"
"1148";"Limpeza e conservação";"14";"1"
"1149";"Locais de vacinação animal";"10";"1"
"1150";"Locais de vacinação humana";"10";"1"
"1151";"Localização de unidade de saúde pública";"10";"1"
"1152";"Lotação , remoção de servidor da saúde pública";"10";"1"
"1153";"Manipulação de medicamentos";"10";"1"
"1154";"Material , insumos médico - hospitalar em unidade de saúde pública";"10";"1"
"1155";"Maternidade de hospital público do DF";"10";"1"
"1156";"Maus tratos de animais";"10";"0"
"1157";"Medicamento SUS";"10";"1"
"1158";"Móveis em unidade de saúde pública";"10";"1"
"1159";"Órtese,prótese na saúde";"10";"1"
"1160";"Padronização de medicamento";"10";"1"
"1161";"Permanência de acompanhante em unidade de saúde pública";"10";"1"
"1162";"Pré-natal em unidade de saúde pública do DF";"10";"1"
"1163";"Programa saúde bucal , dentistas em unidades de saúde pública";"10";"1"
"1164";"Qualificação de profissional de saúde";"10";"1"
"1165";"Quimioterapia em hospital público do DF";"10";"1"
"1166";"Radioterapia em hospital público do DF";"10";"1"
"1167";"Reclamação sobre a realização de exames";"10";"1"
"1168";"Recusa de atendimento do SAMU / Corpo de Bombeiros";"10";"1"
"1169";"Relatório,parecer médico";"10";"1"
"1170";"Resultados de exames";"10";"1"
"1171";"Retirada de medicamento SUS";"10";"0"
"1172";"Rotinas,protocolos de unidade de saúde pública";"10";"1"
"1173";"Segurança , vigilância em órgão,entidade pública";"13";"1"
"1174";"Serviço de banco de leite";"10";"1"
"1175";"Serviços e controles da vigilância em saúde ";"10";"1"
"1176";"Siga Brasília - escala médica";"10";"1"
"1177";"Sistemas de informação de saúde";"10";"1"
"1178";"Teleatendimento";"10";"1"
"1179";"Tempo de espera atendimento em unidade de saúde pública";"10";"1"
"1180";"Traje usado por profissional de saúde";"10";"1"
"1181";"Transplantes";"10";"1"
"1182";"Tratamento fora do domicílio - TFD";"10";"1"
"1183";"Vacina em domicílio";"10";"1"
"1184";"Vacinas animais";"10";"1"
"1185";"Vacinas humanas";"10";"1"
"1186";"Problemas com animais sinantrópicos";"10";"1"
"1187";"Vigilância epidemiológica";"10";"1"
"1188";"Recuperação de equipamentos públicos";"7";"1"
"1189";"Elaboração de projetos de infraestrutura urbana";"7";"1"
"1190";"Execução das obras públicas na área de infraestrutura urbana";"7";"1"
"1191";"Fiscalização das obras públicas na área de infraestrutura urbana";"7";"1"
"1192";"Coleta de entulho (resto de obra) em local irregular";"14";"1"
"1193";"Coleta convencional (lixo orgânico e indiferenciados)";"14";"1"
"1194";"Coleta seletiva de resíduos recicláveis";"7";"0"
"1195";"Limpeza e lavagem de equipamentos públicos";"14";"1"
"1196";"Orientação para instalação de contêiner";"7";"0"
"1197";"Pintura de meio-fio";"14";"1"
"1198";"Instalação e manutenção de lixeiras (papeleiras)";"14";"1"
"1199";"Limpeza de paradas de ônibus";"7";"0"
"1200";"Retirada de animal de grande porte em vias públicas";"7";"1"
"1201";"Catação de recicláveis em área pública";"7";"1"
"1202";"Palestra sobre educação ambiental";"7";"0"
"1203";"Conduta de servidor da limpeza urbana";"7";"0"
"1204";"Contêiner danificado - SLU";"7";"1"
"1205";"Servidor Terceirizado do Serviço Público do DF";"13";"1"
"1206";"Campanhas educativas do Governo de Brasília";"13";"1"
"1207";"Aterro Sanitário de Brasília";"7";"1"
"1208";"Informação sobre limpeza urbana";"7";"0"
"1209";"Invasão em área pública";"7";"0"
"1210";"Grilagem em área pública";"8";"0"
"1211";"Construção irregular em área pública";"8";"1"
"1212";"Flanelinhas,guardadores de carro";"8";"0"
"1213";"Invasão de propriedade rural";"1";"1"
"1214";"Invasão de lotes em áreas de interesse social";"7";"1"
"1215";"Crime ambiental";"8";"0"
"1216";"Fiscalização de Obra";"8";"1"
"1217";"Invasão de terreno da Terracap";"7";"1"
"1218";"Cercamento de área pública";"14";"1"
"1219";"Construção irregular de obras privadas";"8";"0"
"1220";"Segurança pública";"8";"0"
"1221";"Funcionamento de unidade penal";"8";"0"
"1222";"Câmeras de monitoramento na cidade";"8";"1"
"1223";"Policiamento";"8";"0"
"1224";"Assistência à presidiários";"8";"0"
"1225";"Atendimento de saúde a presos,detentos,internos";"8";"0"
"1226";"Tráfico de drogas";"8";"0"
"1227";"Uso de droga e entorpecentes";"8";"0"
"1228";"Apologia à violência";"8";"0"
"1229";"Implantação de delegacia";"8";"0"
"1230";"Segurança pública em estacionamentos";"8";"1"
"1231";"Superlotação de unidade penal";"8";"1"
"1232";"Crimes contra a propriedade imaterial - pirataria";"8";"0"
"1233";"Localização de foragidos";"8";"0"
"1234";"Violência contra o idoso";"8";"0"
"1235";"Pesquisa de índice de criminalidade do DF";"8";"1"
"1236";"Solicitação de apoio jurídico";"8";"1"
"1237";"Escritura de imóveis (CODHAB)";"7";"1"
"1238";"Demora na regularização de escritura habitacional";"7";"0"
"1239";"Informação sobre regularização de imóvel ";"7";"1"
"1240";"Informação sobre regularização de lotes";"7";"1"
"1241";"Invasão de terreno da Terracap";"7";"0"
"1242";"Venda de imóveis por meio de licitação pública";"7";"1"
"1243";"Inclusão de imóvel disponível em licitação";"7";"1"
"1244";"Localização de imóveis disponibilizados em edital";"7";"1"
"1245";"Financiamento com consignação em folha de pagamento de imóveis";"7";"1"
"1246";"Transferência de imóveis com financiamento da Terracap";"7";"1"
"1247";"Migração do sistema de financiamento Price,SAC";"7";"1"
"1248";"Declaração de baixa de alienação fiduciária (Terracap)";"7";"1"
"1249";"Declaração de baixa de retrovenda (Terracap)";"7";"1"
"1250";"Declaração de baixa de obrigação de fazer,construir (Terracap)";"7";"1"
"1251";"Declaração de nada consta PRÓ-DF";"7";"1"
"1252";"Declaração de quitação (Terracap)";"7";"1"
"1253";"Assinatura de acordos, negociação de débitos de imóveis em atraso (Terracap)";"7";"1"
"1254";"Extrato da situação financeira de imóveis (Terracap)";"7";"1"
"1255";"Demarcação de lotes para particulares";"7";"1"
"1256";"Licenciamento ambiental dos empreendimentos da Terracap";"7";"1"
"1257";"Avaliação de imóveis para particulares";"7";"1"
"1258";"Taxa de alteração de destinação - Onalt";"7";"1"
"1259";"PRÓ-DF II - programa de apoio ao empreendimento produtivo";"7";"1"
"1260";"Regularização de imóveis,terrenos de entidades religiosas ou de assistência social";"7";"1"
"1261";"Regularização de áreas rurais";"7";"0"
"1262";"Agendamento de visitas no Zoológico";"7";"1"
"1263";"Horário e dia de funcionamento do Zoológico";"7";"1"
"1264";"Lanchonetes/Restaurantes do Zoológico";"7";"1"
"1265";"Marcação de visita monitorada no Zoológico";"7";"1"
"1266";"Doação de animais para o Zoológico";"7";"0"
"1267";"Horário de funcionamento dos setores Administrativos do Zoológico";"7";"1"
"1268";"Pesquisas no Zoológico";"7";"0"
"1269";"Valor do ingresso do Zoológico";"7";"1"
"1270";"Tratamento dado aos animais do Zoológico";"7";"1"
"1271";"Animais silvestres machucados";"7";"1"
"1272";"Limpeza nos recintos dos animais do Zoológico";"7";"1"
"1273";"Material biológico para pesquisa em animais";"7";"0"
"1274";"Recinto dos animais do Zoológico";"7";"1"
"1275";"Manutenção/limpeza geral no Zoológico";"7";"1"
"1276";"Localização de documentos perdidos em órgão,entidade pública do DF";"13";"1"
"1277";"Conservação das ruas,vias do Zoológico";"7";"1"
"1278";"Marcação de passeio noturno no Zoológico";"7";"0"
"1279";"Preservação da fauna e flora.";"7";"1"
"1280";"Trabalho voluntário em órgão,entidade pública do DF";"13";"1"
"1282";"Retirada de ponto de ônibus";"12";"0"
"1283";"Queimadas em terrenos particulares";"7";"1"
"1284";"Emissão de Carteira de Identidade";"8";"1"
"1285";"Vistoria de Segurança Contra Incêndio";"8";"1"
"1286";"Problemas no agendamento de consultas";"10";"0"
"1287";"Problemas no agendamento de cirurgias";"10";"0"
"1288";"Problemas no agendamento de exames";"10";"0"
"1289";"Agendamento de Exames";"10";"1"
"1290";"Agendamento de Cirurgias";"10";"1"
"1291";"Agendamento de Consultas";"10";"1"
"1292";"Leitos de UTI";"10";"1"
"1293";"Mudança de Categoria da CNH";"12";"1"
"1294";"Servidor Público";"13";"1"
"1295";"Falta de ônibus";"12";"1"
"1296";"Descumprimento de tabela horária dos ônibus";"12";"1"
"1297";"Site governamental";"13";"1"
"1298";"NEPOTISMO";"13";"1"
"1299";"Descumprimento de carga horária de servidor";"13";"0"
"1300";"Veículo abandonado";"14";"1"
"1301";"Falta de professor";"4";"0"
"1302";"Fraude em licitação";"13";"1"
"1303";"Permissão de Uso";"13";"1"
"1304";"Composto orgânico (venda / doação)";"7";"1"
"1305";"Queimada em Área de Proteção Permanente - APP";"7";"1"
"1306";"Greve de Servidor";"13";"0"
"1307";"Infraestrutura em órgão,entidade pública";"13";"1"
"1308";"Estágio em órgão,entidade pública";"13";"1"
"1309";"Material de expediente em órgão,entidade pública";"13";"1"
"1310";"Acúmulo irregular de cargo público";"13";"1"
"1311";"Diário Oficial do Distrito Federal - DODF";"13";"1"
"1312";"Crime praticado por servidor público no exercício da função";"13";"0"
"1313";"Abuso de autoridade cometido por servidor público";"13";"0"
"1314";"Corrupção no setor público";"13";"1"
"1315";"Execução de Obra pública";"13";"1"
"1316";"Licitação Pública";"13";"1"
"1317";"Patrimônio público";"13";"1"
"1318";"Concurso público no DF";"13";"1"
"1319";"Furtos em orgãos,entidades públicas";"13";"1"
"1320";"Escola de Governo do DF - EGOV";"13";"1"
"1321";"Servidor Público Comissionado";"13";"0"
"1322";"Cálculo de tempo de serviço para aposentadoria - Servidores do GDF";"13";"1"
"1323";"Benefício Previdenciário - Aposentadoria e Pensão - Servidores do GDF";"13";"1"
"1324";"Perícia Médica para aposentadoria - Servidores do GDF";"13";"0"
"1325";"Legislação para aposentadoria do Servidor do GDF";"13";"1"
"1326";"Pregão";"13";"0"
"1327";"Reclamação Trabalhista";"13";"0"
"1328";"Falha no Sistema de Bilhetagem Automática - SBA";"12";"0"
"1329";"Desvio de função de cargo público";"13";"1"
"1330";"Recursos Hídricos";"9";"1"
"1331";"Descumprimento da Lei de Acesso à Informação";"13";"1"
"1332";"Coleta de Entulho Simples";"7";"0"
"1333";"Centros Olímpicos";"5";"1"
"1334";"Consumo de cigarros em órgãos públicos";"13";"1"
"1335";"Carta de Serviços";"13";"1"
"1336";"Cemitério";"7";"1"
"1337";"Improbidade Administrativa";"13";"1"
"1338";"Fiscalização de consumo de cigarros em estabelecimentos comerciais (Lei Anti-fumo)";"8";"1"
"1339";"Transporte de bicicletas no BRT Expresso Sul";"12";"1"
"1340";"Terraplanagem";"7";"1"
"1341";"Cancelamento de protocolo Ouv-DF";"13";"0"
"1342";"Reembolso (taxa, tarifa ou imposto)";"6";"0"
"1343";"Bilheteria do Zoológico";"13";"1"
"1344";"Solicitação de horário , ônibus";"14";"1"
"1345";"Alteração de horário de linha de ônibus";"12";"0"
"1346";"Linha de ônibus";"14";"1"
"1347";"Mudança de itinerário de linha de ônibus";"12";"0"
"1348";"Construção de parada de ônibus em local inapropriado";"12";"0"
"1349";"Demora na confecção,agendamento da 1º via do passe estudantil";"12";"0"
"1350";"Demora na confecção,agendamento da 2º via do passe estudantil";"12";"0"
"1351";"Demora na confecção da 1º via do vale transporte";"12";"0"
"1352";"Demora na confecção da 2º via do vale transporte";"12";"0"
"1353";"Demora na confecção da 1º via do passe deficiente";"12";"0"
"1354";"Demora na confecção da 2º via do passe deficiente";"12";"0"
"1355";"Inserção de crédito no cartão vale transporte";"12";"0"
"1356";"Falta Inserção de crédito no cartão vale transporte";"12";"0"
"1357";"Inserção de crédito no cartão cidadão";"12";"0"
"1358";"Falta de inserção de crédito no cartão cidadão";"12";"0"
"1359";"cadastramento do cartão estudantil";"12";"0"
"1360";"Dificuldade no cadastramento do cartão estudantil";"12";"0"
"1361";"Cadastramento do vale transporte";"12";"0"
"1362";"Dificuldade de cadastramento do vale transporte";"12";"0"
"1363";"Não atendimento nos postos do Sistema de Bilhetagem Automática - SBA";"12";"0"
"1364";"Atendimento nos postos do BRT";"12";"1"
"1365";"Não atendimento nos postos do BRT";"12";"1"
"1366";"Atendimento na GRC-DFTRANS";"12";"1"
"1367";"Não atendimento na GRC-DFTRANS";"12";"1"
"1368";"Cobrança indevida na confecção da carteira estudantil";"12";"0"
"1369";"Falta de integração tarifária do cartão estudantil";"12";"0"
"1370";"Falta de integração tarifária cartão vale transporte";"12";"0"
"1371";"Cobrança indevida de 2º via da cartão estudantil";"12";"0"
"1372";"Cobrança indevida de 2º via do cartão vale transporte";"12";"0"
"1373";"Não Liberação do vale transporte";"12";"0"
"1374";"Problemas na recarga do vale transporte-Web Commerce";"12";"0"
"1375";"Demora na análise do cadastro do passe livre estudantil";"12";"0"
"1376";"Demora na análise da solicitação de 2º via do passe livre estudantil";"12";"0"
"1377";"Demora na análise de solicitação de reembolso de valores";"12";"0"
"1378";"Agendamento do cartão passe livre estudantil";"12";"0"
"1379";"Placa de trânsito ilegal ou em local indevido";"12";"1"
"1380";"Aposentadoria";"13";"0"
"1381";"Acesso às áreas do Zoológico";"5";"1"
"1382";"Uso dos banheiros,fraldários do Zoológico";"5";"1"
"1383";"Horário de funcionamentos de recintos do Zoológico";"5";"1"
"1384";"Colaboradores e voluntários";"13";"1"
"1385";"DEMARCAÇÃO VAGAS ESTACIONAMENTO";"14";"1"
"1386";"Conduta Irregular de Servidor Público";"13";"0"
"1387";"Passe Estudantil";"12";"0"
"1388";"Conferência Distrital do Meio Ambiente 2017";"7";"1"
"1389";"Distribuição de mapas do Zoológico";"7";"1"
"1390";"Placas de sinalização de identificação de animais";"7";"1"
"1391";"Postos SBA - Sistema de Bilhetagem Automático";"12";"1"
"1392";"Parada , Abrigo de Ônibus";"14";"1"
"1393";"Terminal de Ônibus";"12";"1"
"1394";"Cartão Funcional - Rodoviário";"12";"1"
"1395";"Invasão de Área Pública";"7";"1"
"1396";"Irregularidade em Benefícios Sociais";"13";"0"
"1397";"Quantidade de animais no Zoológico";"7";"1"
"1398";"Placa de sinalização de Parada de Ônibus";"12";"0"
"1399";"Tarifa de Ônibus";"12";"1"
"1400";"Assuntos funerários";"8";"1"
"1401";"Desvio de Verba Creche Comunitária";"3";"1"
"1402";"Discriminação contra transgênero";"8";"1"
"1403";"Discriminação contra homens";"8";"1"
"1404";"Discriminação contra LGBTTT";"8";"1"
"1405";"Comércio Irregular";"13";"1"
"1406";"Agendamento em Órgão Público";"13";"1"
"1407";"Dificuldade Locomoção - Necessidades Especiais";"12";"1"
"1408";"Agendamento na Procuradoria Geral DF";"13";"0"
"1409";"Solicitação de audiência";"13";"1"
"1410";"Emissão do CRLV - Certificado de Registro e Licenciamento de Veículo";"12";"1"
"1411";"Ciclovia ou ciclofaixa em via urbana";"12";"1"
"1412";"Invasão área Pública - Rural";"1";"0"
"1413";"Solicitação de Extrato de Cartão -DFTRANS";"12";"1"
"1414";"Fiscalização de Contrato";"13";"1"
"1415";"Estacionamento privado";"7";"1"
"1416";"Cercamento de área particular";"7";"1"
"1417";"DFnoPonto";"12";"1"
"1418";"Suposta Conduta Criminosa";"13";"1"
"1419";"Agilidade de processos";"13";"1"
"1420";"Atendimento presencial";"13";"1"
"1421";"Baixa de recolhimento de imposto";"6";"0"
"1422";"Falha na emissão de notas fiscais";"6";"0"
"1423";"Agenda Virtual do Trabalho";"3";"1"
"1424";"fiscalização da incineração de resíduos sólidos";"13";"1"
"1425";"Centros de Convivência e Fortalecimento de Vínculos";"3";"1"
"1426";"Unidade de Proteção Social 24 horas";"3";"1"
"1427";"Unidade de Acolhimento para Adultos e Famílias Areal (Albergue)";"3";"1"
"1428";"Unidade de Acolhimento para Mulheres";"3";"1"
"1429";"Unidade de Acolhimento para Idosos";"3";"0"
"1430";"Central de Acolhimento para Crianças e Adolescentes";"3";"1"
"1431";"Conselho de Assistência Social - CAS";"3";"1"
"1432";"Conselho de Direitos da Mulher";"3";"1"
"1433";"Conselho Distrital de Promoção e Defesa de Direitos Humanos";"3";"1"
"1434";"Conselho de Defesa de Direitos da Pessoa com Deficiência";"3";"1"
"1435";"Conselho de Segurança Alimentar e Nutricional - CONSEA";"3";"0"
"1436";"Conselho de Defesa dos Direitos do Negro";"3";"1"
"1437";"Conselho de Direitos do Idoso";"3";"0"
"1438";"Conselho Intersetorial de Segurança Alimentar e Nutricional - CAISAN";"3";"1"
"1439";"Conselho Distrital de Promoção dos Direitos Humanos e Cidadania Lésbicas, Gays, Bissexuais, Travestis e Transexuais";"3";"1"
"1440";"SBA - Cadastro";"12";"1"
"1441";"Avaliação de desempenho";"13";"1"
"1442";"Palestra";"13";"1"
"1443";"Lei Orgânica de Cultura - LOC";"2";"1"
"1444";"DF SOCIAL";"3";"1"
"1445";"Limpeza de bueiro / Boca de lobo";"14";"1"
"1446";"Casa da Mulher Brasileira";"8";"1"
"1447";"Atendimento/Serviço prestado pelo zoológico";"7";"1"
"1448";"Acessibilidade no Zoológico";"7";"1"
"1449";"Bebedouros no zoológico";"7";"1"
"1450";"Borboletário do Zoológico";"7";"1"
"1451";"Internet,Whifi do zoológico";"7";"1"
"1452";"Placas de sinalização e identificação dos animais do Zoológico";"7";"1"
"1453";"Placas,Mapas,Identificação dos zoológico";"7";"0"
"1454";"Meio de locomoção no interior do Zoológico";"7";"1"
"1455";"Museu do zoológico";"7";"1"
"1456";"Biblioteca do zoológico";"7";"1"
"1457";"Centro Multifuncional de Acessibilidade (CEMFA)";"7";"1"
"1458";"Servidor,Funcionário do Zoológico";"7";"1"
"1459";"Voluntários do zoológico";"7";"1"
"1460";"Visitação no zoológico";"7";"1"
"1461";"Trânsito de veículos no Zoológico";"7";"1"
"1462";"Visualização dos animais nos recintos";"7";"1"
"1463";"Aterramento";"13";"1"
"1464";"Biometria Facial";"12";"1"
"1465";"Desrespeito aos assentos preferenciais";"12";"1"
"1466";"Dados desatualizados";"12";"1"
"1467";"Cartão PLE";"12";"0"
"1468";"Instituição de Ensino (IE)";"12";"0"
"1469";"Uso Indevido";"12";"1"
"1470";"Venda Ilegal";"12";"1"
"1471";"Curso, Instituição de Ensino não encontrado";"12";"1"
"1472";"Vagas em creches públicas";"4";"1"
"1473";"Violência nas escolas";"13";"1"
"1474";"Atendimento na Central 190";"13";"1"
"1475";"Atendimento Virtual Secretaria de Estado de Fazenda";"6";"1"
"1476";"Atendimento prestado pelos demais servidores SEEC";"6";"0"
"1477";"Prova Prática / Teórica - DETRAN";"12";"1"
"1478";"Restituição de Tributos (SEEC)";"6";"0"
"1479";"Compensação de Tributos (SEEC)";"6";"0"
"1480";"Certidão Negativa de Tributos do DF";"6";"0"
"1481";"IPTU/TLP - Imunidade e Isenção";"6";"1"
"1482";"Substituição Tributária (ICMS)";"6";"1"
"1483";"Malha Fiscal";"6";"1"
"1484";"Cadastro Fiscal";"6";"0"
"1485";"Agendamento de cirurgia - INATIVO";"10";"0"
"1486";"Não Emissão de Nota Fiscal";"6";"1"
"1487";"Multa de transito";"12";"1"
"1488";"DESCUMPRIMENTO PRAZO LEGAL - PROCESSOS";"6";"1"
"1489";"Privatização de Estacionamento Público";"13";"1"
"1490";"Consumo de Cigarros em Órgãos Públicos";"10";"1"
"1491";"Equipamento de Segurança";"8";"1"
"1492";"Conduta de motorista de ônibus";"12";"0"
"1493";"Quebra de Sigilo e,ou Confidencialidade no Serviço de Ouvidoria";"13";"1"
"1494";"Quebra de Sigilo e,ou Confidencialidade no Serviço Público";"13";"1"
"1495";"Fiscalização em academias";"5";"1"
"1496";"Agenci@net";"6";"1"
"1497";"Portal de Serviços da Receita";"6";"1"
"1498";"Nota Fiscal Eletrônica - x - Outras Informações";"6";"1"
"1499";"Servidor Público";"13";"0"
"1500";"Reembolso de taxa";"12";"1"
"1501";"Inclusão de assunto no sistema de ouvidoria";"13";"1"
"1502";"Aplicativos BRB";"6";"1"
"1503";"Retirada de animal morto";"7";"0"
"1504";"Simplificação de processos";"13";"1"
"1505";"Audiência Pública – Lei de Diretrizes Orçamentárias de 2021 – LDO/2021";"13";"0"
"1506";"Material Escolar";"4";"1"
"1507";"Sugestões para o Plano Plurianual (PPA), Lei de Diretrizes Orçamentárias (LDO) e Orçamento Anual (LOA)";"13";"0"
"1508";"Lei Orçamentária Anual de 2020 - LOA/2020";"13";"0"
"1509";"Parecer em processo";"13";"1"
"1510";"Limpeza em Área Pública";"7";"0"
"1511";"Varrição de Vias e Ruas";"14";"1"
"1512";"Placa Proibido Jogar Lixo";"7";"0"
"1513";"Placa Proibido Jogar Lixo";"7";"1"
"1514";"Coleta seletiva (materiais recicláveis)";"14";"1"
"1515";"Papa-Entulho (Ponto de Entrega Voluntária – PEV)";"14";"1"
"1516";"Orientação ambiental SLU";"9";"1"
"1517";"Conteiner - Vistoria / Orientação para instalação";"14";"1"
"1518";"Cadastro (Grandes Geradores de resíduos / Transporte de resíduos da construção civil)";"9";"1"
"1519";"Limpeza de eventos";"14";"1"
"1520";"Creches Públicas";"4";"1"
"1521";"chamamento público";"13";"1"
"1522";"Registro Público de Empresas e Atividades Afins";"11";"1"
"1523";"Assédio Moral em Ambiente Escolar";"4";"1"
"1524";"Assédio Sexual em Ambiente Escolar";"4";"1"
"1525";"Recolhimento de animais mortos em locais públicos";"14";"1"
"1526";"Placas rodoviárias, de endereçamento e turismo do Distrito Federal";"14";"1"
"1527";"Estacionamento Público";"14";"1"
"1528";"Cartão Vale Transporte";"12";"0"
"1529";"Redução de tabela horária de ônibus - férias";"14";"1"
"1530";"Vistorias em áreas de risco";"8";"1"
"1531";"Redes Sociais Governamentais";"13";"1"
"1532";"Aplicativo e-GDF";"13";"1"
"1533";"Fraude em eleição para Direção de Unidade Educacional";"4";"1"
"1534";"Maus tratos de Animais Domésticos";"7";"1"
"1535";"Maus tratos de Animais Não Domésticos";"7";"1"
"1536";"Perturbação do Sossego Causado por Estabelecimento Comercial";"8";"0"
"1537";"Perturbação do Sossego";"8";"1"
"1538";"Fiscalização Coronavírus";"7";"0"
"1539";"Cartão Creche";"4";"1"
"1540";"Conselho Tutelar";"8";"1"
"1541";"Conselheiro Tutelar";"8";"1"
"1542";"CEU das Artes/Praça dos Direitos";"8";"1"
"1543";"Sistema Socioeducativo";"8";"1"
"1544";"Medida Socioeducativa";"8";"1"
"1545";"Competência de outra esfera";"13";"1"
"1546";"Atendimento de vendedores no Zoológico";"13";"1"
"1547";"Quantidade de borboletas no Zoológico";"7";"1"
"1548";"Vigilantes/Guardas/Seguranças do Zoológico";"13";"1"
"1549";"Cartão Material Escolar - CME";"4";"1"
"1550";"Processo aprovado na JUCIS-DF";"13";"1"
"1551";"Processo de registro de empresas com pendência/exigência";"13";"1"
"1552";"Restituição de DAR";"13";"1"
"1553";"Recuperação de Senha no Portal de Serviços da JUCIS-DF";"13";"1"
"1554";"Registro digital/FCN";"13";"0"
"1555";"Livros digitais";"13";"1"
"1556";"Livros Digitais comerciais";"13";"0"
"1557";"Integrador";"13";"1"
"1558";"Viabilidade de Legado e/ou Licenciamento";"13";"1"
"1559";"CHAT online / Fale Conosco";"13";"1"
"1560";"Uso de máscara em locais públicos";"10";"1"
"1561";"Higienização em Condomínio (Coronavírus)";"10";"1"
"1562";"Uso de máscara em estabelecimentos em geral";"10";"1"
"1563";"Teste Covid-19";"10";"1"
"1564";"Retorno às aulas na Rede de Ensino";"4";"1"
"1565";"Contratações emergenciais COVID-19";"10";"1"
"1566";"Portal COVID-19 do Distrito Federal";"13";"1"
"1567";"Gratuidade no Transporte Público Coletivo do DF – Profissionais da Saúde";"12";"1"
"1568";"Audiência Pública – Lei Orçamentária Anual de 2021 – LOA/2021";"13";"0"
"1569";"Atualização de cadastro";"13";"1"
"1570";"Recuperação de senha no Portal de Serviços da JUCIS-DF";"13";"1"
"1571";"Atendimento em Unidade Hospitalar (Hospitais Regionais)";"10";"1"
"1572";"Atendimento em Unidade de Pronto Atendimento (UPA)";"10";"1"
"1573";"Atendimento em Unidade Básica de Saúde (Centros de Saúde, Postos de Saúde)";"10";"1"
"1574";"Atendimento Ambulatorial (Policlínicas e Saúde Mental)";"10";"1"
"1575";"Tempo espera em serviço hospitalar de emergência";"10";"1"
"1576";"Recusa de recebimento de equipes do SAMU/Corpo de Bombeiros na urgência e emergência";"10";"1"
"1577";"Atendimento no componente especializado da assistência farmacêutica (Alto Custo)";"10";"1"
"1578";"Atendimento de Servidor da SES - Especialista em Saúde";"10";"1"
"1579";"Atendimento de Servidor da SES - Técnico em Saúde (Nível Médio)";"10";"1"
"1580";"Práticas Integrativas de Saúde";"10";"1"
"1581";"Gestão de Pessoas";"13";"1"
"1582";"Artesanato";"2";"1"
"1583";"Centro de Atendimento ao Turista - CAT";"3";"1"
"1584";"Pontos Turísticos";"2";"1"
"1585";"Queimadas em área pública";"7";"1"
"1586";"Aplicativo e-Cidades";"13";"1"
"1587";"OuvidorSUS";"10";"0"
"1588";"Atendimento prestado pelos servidores nas unidades do Centro de Referência de Assistência Social";"3";"1"
"1589";"Auxilio Excepcionalidade";"3";"1"
"1590";"Programa Prato Cheio";"3";"1"
"1591";"Programa Renda minima";"3";"1"
"1592";"Acumulador de entulho";"14";"1"
"1593";"Auxílio natalidade";"3";"1"
"1594";"Auxílio funeral";"3";"1"
"1595";"Entrega de escrituras de imóveis (Terracap)";"7";"1"
"1596";"Inclusão de imóvel disponível em licitação pública (Terracap)";"7";"1"
"1597";"Emissão de boletos (Terracap)";"7";"1"
"1598";"Benefício Previdenciário - Aposentadoria e Pensão - Servidores da Educação do DF";"4";"1"
"1599";"Recadastramento/Prova de Vida de aposentados e pensionistas do IPREV";"13";"1"
"1600";"Coleta de inservíveis (móveis e equipamentos eletrônicos)";"13";"1"
"1601";"Erosão";"7";"1"
"1602";"Vacina COVID-19";"10";"1"
"1603";"Carteira de idoso para Transporte Interestadual";"3";"1"
"1604";"Centro de CONVIVÊNCIA e fortalecimento de vínculos";"3";"0"
"1605";"Plano de Saúde- GDF Saúde";"10";"1"
"1606";"Biometria para CNH";"12";"1"
"1607";"Emissão de Autorização para Transferência de Propriedade de Veículo -ATPV (antigo CRV/DUT)";"12";"1"
"1608";"Segunda via de CRV - Certificado de Registro de Veículo";"12";"0"
"1609";"Credencial de Estacionamento - Idoso, PCD, Autista";"12";"1"
"1610";"Processo em andamento - DETRAN/DF";"12";"1"
"1611";"Pagamento multas de trânsito do DETRAN-DF";"12";"1"
"1612";"Curso de Reciclagem de Condutores";"12";"1"
"1613";"Leilão de veículos";"12";"1"
"1614";"Dívida Ativa Detran/DF";"12";"1"
"1615";"Veículo apreendido em depósito";"12";"1"
"1616";"CNH-Carteira Nacional de Habilitação";"12";"1"
"1617";"Pagamento multas de trânsito do DER-DF";"12";"1"
"1618";"Benefício de Prestação Continuada - BPC";"3";"1"
"1619";"Auxílio por Morte";"3";"1"
"1620";"Cesta Verde";"3";"1"
"1621";"CNH Social Detran DF";"12";"1"
"1622";"Rodoviária do Plano Piloto e Área Central de Brasília";"13";"1"
"1623";"Regiões Administrativas do DF";"13";"1"
"1624";"Fiscalização Coronavírus (Descumprimento de orientações de saúde)";"10";"1"
"1625";"Fiscalização Coronavírus (estabelecimentos em geral)";"10";"1"
"1626";"Circulação de carroças nas ruas do DF";"12";"1"
"1627";"Recomposição do asfalto ou calçada após obra da Caesb";"9";"1"
"1628";"Manutenção em Rede de Esgoto";"14";"1"
"1629";"Audiência Pública – Lei de Diretrizes Orçamentárias de 2022 – LDO/2022";"6";"0"
"1630";"Portal da Transparência";"13";"1"
"1631";"Dados pessoais – LGPD (Lei 13.709/2018)";"13";"1"
"1632";"Auxílio Calamidade";"3";"1"
"1633";"Atendimento à população em situação de vulnerabilidade";"10";"1"
"1634";"Atendimento em práticas integrativas em saúde";"10";"1"
"1635";"CRAS - Vagas para atendimento no CRAS";"3";"1"
"1636";"Recapeamento asfáltico";"13";"1"
"1637";"Certidões (Não Emissão)";"6";"1"
"1638";"Audiência Pública – Lei Orçamentária Anual de 2022 – LOA/2022";"6";"0"
"1639";"Recuperação de senha no Participa-DF";"13";"1"
"1640";"Fiscalização Coronavírus (Aglomeração em Bar, restaurante ou festa paga)";"13";"1"
"1641";"Placas rodoviárias, de endereçamento e turismo do Distrito Federal";"7";"0"
"1642";"Preservação de Parques Ecológicos";"7";"1"
"1643";"Agendamento de consultas - Hospital Veterinário Público (Hvep)";"10";"1"
"1644";"Abastecimento e distribuição de fraldas em unidades de saúde pública";"10";"1"
"1645";"Abastecimento e distribuição de fraldas em unidades de saúde pública";"10";"0"
"1646";"Portal de serviços do GDF";"13";"1"
"1647";"IPTU/TLP - Cadastro de Imóveis";"6";"1"
"1648";"IPTU/TLP - Calendário de Vencimento – de IPTU/TLP";"6";"1"
"1649";"IPTU/TLP - consulta e emissão de DAR de IPTU/TLP e pagamento direto no banco";"6";"1"
"1650";"IPTU/TLP - Impugnação (cobrança indevida), prescrição e restituição";"6";"1"
"1651";"IPTU/TLP - Outros Serviços";"6";"1"
"1652";"Fiscalização - Direito do Consumidor";"13";"1"
"1653";"IPVA – Calendários de Vencimentos";"6";"1"
"1654";"IPVA – Consulta e emissão de DAR e pagamento direto no banco";"6";"1"
"1655";"IPVA – Impugnação (cobranças indevidas), prescrição e restituição";"6";"1"
"1656";"IPVA – Isenção";"6";"1"
"1657";"IPVA – Não incidência e remissão";"6";"1"
"1658";"IPVA – Valor de veículo e base de cálculo";"6";"1"
"1659";"ITBI – Cancelamento, impugnação, prescrição e restituição";"6";"1"
"1660";"ITBI – Consulta e emissão de DAR";"6";"1"
"1661";"ITBI – Imunidade e isenção";"6";"1"
"1662";"ITBI – Não incidência";"6";"1"
"1663";"ITBI – Termo de quitação";"6";"0"
"1664";"ITBI – Valor venal de imóvel e base de cálculo";"6";"1"
"1665";"ITCD – Cancelamento, impugnação, prescrição e restituição";"6";"1"
"1666";"ITCD – Doação de bens e direitos, inclusive dinheiro";"6";"1"
"1667";"ITCD – Emitir segunda via";"6";"1"
"1668";"ITCD – Imóvel rural";"6";"0"
"1669";"ITCD – Imunidade";"6";"1"
"1670";"ITCD – Inventário";"6";"0"
"1671";"ITCD – Separação, divórcio ou dissolução de união estável";"6";"1"
"1672";"Precatório – pagamento direto no banco sem emissão de DAR";"6";"1"
"1673";"Precatório – pagamento, consulta e emissão de DAR ou dívida ativa";"6";"1"
"1674";"Precatório – parcelamento, emissão de DAR de parcelamento e compensação com precatório";"6";"1"
"1675";"Pagamento Parcelamento Precatório – Refiz";"6";"1"
"1676";"Certidão cidadão – consultar débitos e emitir ou validar certidão";"6";"1"
"1677";"Certidão Cidadão – Incluir ou Alterar Cadastro de Pessoa Física";"6";"1"
"1678";"Nota Legal  - consulta";"6";"0"
"1679";"Cartão Gás";"3";"1"
"1680";"Papa-lixo (contêiner semienterrado)";"14";"1"
"1681";"Resíduos da Construção Civil – RCC";"9";"1"
"1682";"Coleta - Caixa de gordura";"14";"1"
"1683";"Unidades de transbordo e destinação final de resíduos";"9";"1"
"1684";"Audiência Pública - IPREV/DF";"13";"1"
"1685";"Audiência Pública – Lei de Diretrizes Orçamentárias";"13";"1"
"1686";"Documento histórico - Arquivo Público do GDF";"13";"0"
"1687";"Pesquisa a documento histórico";"13";"1"
"1688";"Audiência Pública – Lei Orçamentária Anual - LOA";"13";"1"
"1689";"Curso de Ambientação para novos ouvidores 2023";"4";"1"
"1690";"Conduta Ética";"13";"1"
"1691";"Conciliação de barulho";"8";"1"
"1692";"Sistema de protocolo eletrônico (e-Protocolo)";"13";"1"
"1693";"e-Protocolo (Protocolo eletrônico)";"13";"0"
"1694";"Cesta do Trabalhador";"3";"1"
"1695";"Educador Social Voluntário - ESV";"4";"1"
"1696";"Bullying";"8";"1"
"1697";"Cartão Uniforme Escolar";"4";"1"
